Geography,Timeframe,Current Year Week Ending,Type,ASP Current Year,Total Bulk and Bags Units,4046 Units,4225 Units,4770 Units,TotalBagged Units,SmlBagged Units,LrgBagged Units,X-LrgBagged Units,Bulk GTIN
Albany,Weekly,1/4/2021 0:00,Conventional,0.85,183736.86,7960.17,149597.06,84.41,20523.93,16700.07,1037.19,2786.67,5571.29
Atlanta,Weekly,1/4/2021 0:00,Conventional,0.77,863924.39,339750.67,50361.11,90.12,174050.18,171857.45,2152.73,40,299672.31
Baltimore/Washington,Weekly,1/4/2021 0:00,Conventional,0.94,1148720.46,244350.06,306121.25,3905.09,495777,307722.83,169324.17,18730,98567.06
Boise,Weekly,1/4/2021 0:00,Conventional,0.81,167339.56,41349.05,16139.39,1292.01,34234.06,21524.28,12691.87,17.91,74325.05
Boston,Weekly,1/4/2021 0:00,Conventional,1.14,790638.79,15877.34,433198.2,205.55,212077.7,198535.73,8861.97,4680,129280
Buffalo/Rochester,Weekly,1/4/2021 0:00,Conventional,0.95,224480.3,33473.77,66524.94,1989.09,118215.36,79839.7,33635.66,4740,4277.14
California,Weekly,1/4/2021 0:00,Conventional,0.95,8330243.54,2202669.14,943923.74,289031.24,1273146.51,1080473.44,135837.4,56835.67,3621472.91
Charlotte,Weekly,1/4/2021 0:00,Conventional,0.91,445868.47,165208.69,57001.73,4650.42,189496.84,163631.87,25844.97,20,29510.79
Chicago,Weekly,1/4/2021 0:00,Conventional,1.07,1010514.74,113620.98,191053.37,42629.3,208596.22,206021.64,2561.25,13.33,454614.87
Cincinnati/Dayton,Weekly,1/4/2021 0:00,Conventional,0.74,404789.04,62126.92,76192.36,4978.67,29339.95,29334.39,5.56,0,232151.14
Columbus,Weekly,1/4/2021 0:00,Conventional,0.74,322982.07,54032.69,59556.9,612.24,38595,38551.67,33.33,10,170185.24
Dallas/Ft. Worth,Weekly,1/4/2021 0:00,Conventional,0.61,1812802.1,541713.93,296703.52,26858.93,494960.75,339149.39,155448.03,363.33,452564.97
Denver,Weekly,1/4/2021 0:00,Conventional,0.79,1216868.36,215979.19,150990.28,2864.09,238164.4,217280.98,20828.84,54.58,608870.4
Detroit,Weekly,1/4/2021 0:00,Conventional,0.75,714372.32,92243.75,111173.01,123047.87,100549.73,99603.63,942.77,3.33,287357.96
Grand Rapids,Weekly,1/4/2021 0:00,Conventional,0.83,326681.52,23905.47,93678.44,130951.96,47444.58,47346.81,94.44,3.33,30701.07
Great Lakes,Weekly,1/4/2021 0:00,Conventional,0.82,5695256.73,845238.6,1180793.41,518673.31,913118.84,890325,22489.95,303.89,2237432.57
Harrisburg/Scranton,Weekly,1/4/2021 0:00,Conventional,0.98,413476.67,161733.81,110781,98.4,131005.23,118916.92,2398.31,9690,9858.23
Hartford/Springfield,Weekly,1/4/2021 0:00,Conventional,1.07,442462.01,10584.57,331444,378.23,93406.77,80091.41,9428.69,3886.67,6648.44
Houston,Weekly,1/4/2021 0:00,Conventional,0.6,1701262.3,501816.98,429487.35,2845.45,259129.12,180168.89,69193.56,9766.67,507983.4
Indianapolis,Weekly,1/4/2021 0:00,Conventional,0.72,318474.93,55445.1,82164.77,2646.12,59586.91,59429.69,130.55,26.67,118632.03
Jacksonville,Weekly,1/4/2021 0:00,Conventional,0.75,265445.51,116151.73,14339.79,61.15,64922.93,34136.51,22701.42,8085,69969.91
Las Vegas,Weekly,1/4/2021 0:00,Conventional,0.69,518401.52,62120.94,58350.62,302.09,126774.14,97985.94,28684.03,104.17,270853.73
Los Angeles,Weekly,1/4/2021 0:00,Conventional,0.87,4113373.54,1101283.09,85458.38,221677.97,617855.48,473346.92,99667.36,44841.2,2087098.62
Louisville,Weekly,1/4/2021 0:00,Conventional,0.82,162705.26,26292.81,27778.63,71.26,31706.46,27716.46,44.44,3945.56,76856.1
Miami/Ft. Lauderdale,Weekly,1/4/2021 0:00,Conventional,0.76,1113009.83,534674.7,54952.13,100.9,237688.72,176170.66,57879.17,3638.89,285593.38
Midsouth,Weekly,1/4/2021 0:00,Conventional,0.85,5026216.53,1562243.94,871984.66,18933.87,1629870.25,1185873.9,363681.91,80314.44,943183.81
Nashville,Weekly,1/4/2021 0:00,Conventional,0.75,339862.38,116956.66,22737.59,112.9,79101.66,67884.48,1942.18,9275,120953.57
New Orleans/Mobile,Weekly,1/4/2021 0:00,Conventional,0.6,425533.12,169762.33,35813.34,423.61,144732.72,104103.65,32745.74,7883.33,74801.12
New York,Weekly,1/4/2021 0:00,Conventional,0.96,2388356.41,61924.74,1289306.87,1917.58,955051.93,621488.09,320710.51,12853.33,80155.29
Northeast,Weekly,1/4/2021 0:00,Conventional,0.95,6919856.03,597119.64,3597640.66,9079.22,2229197.74,1541194.81,622829.04,65173.89,486818.77
Northern New England,Weekly,1/4/2021 0:00,Conventional,0.84,846316.49,16289.66,655427.27,105.15,85583.32,79627.63,115.13,5840.56,88911.09
Orlando,Weekly,1/4/2021 0:00,Conventional,0.73,660310.1,271603.67,22451.46,114.11,205309.02,118495.82,76890.42,9922.78,160831.84
Philadelphia,Weekly,1/4/2021 0:00,Conventional,0.81,771491.25,132283.15,229810.82,242.52,351722.25,154753.58,190092,6876.67,57432.51
Phoenix/Tucson,Weekly,1/4/2021 0:00,Conventional,0.53,1796082.85,496606.43,274121.53,5186.77,153432.73,141578.43,11790.97,63.33,866735.39
Pittsburgh,Weekly,1/4/2021 0:00,Conventional,0.89,185151.7,52059.17,11849.6,1,41014.42,39765.53,388.89,860,80227.51
Plains,Weekly,1/4/2021 0:00,Conventional,0.79,2849260.39,976692.22,734475.66,867.61,622861.28,479070.58,143690.7,100,514363.62
Portland,Weekly,1/4/2021 0:00,Conventional,0.93,923859.83,113027.33,166151.67,10084.35,107418.28,43657.68,63760.6,0,527178.2
Raleigh/Greensboro,Weekly,1/4/2021 0:00,Conventional,0.88,549313.13,216544.24,90940.71,4793.4,206882.39,169601.49,37264.23,16.67,30152.39
Richmond/Norfolk,Weekly,1/4/2021 0:00,Conventional,0.86,389437.68,117602.83,79712.11,1040.55,93774.12,75219.54,8531.24,10023.34,97308.07
Roanoke,Weekly,1/4/2021 0:00,Conventional,0.77,250159.95,75868.79,34838.49,47.69,49635.22,35657.79,8736.87,5240.56,89769.76
Sacramento,Weekly,1/4/2021 0:00,Conventional,0.96,634036.18,164985.86,247895.43,6028.51,103201.34,90444.54,12720.13,36.67,111925.04
San Diego,Weekly,1/4/2021 0:00,Conventional,0.92,768316.53,125561.48,39192.18,26053.11,112813.52,100847.54,2773.21,9192.77,464696.24
San Francisco,Weekly,1/4/2021 0:00,Conventional,1.18,1065026.47,281599.88,206768.9,10505.91,169898.3,166916.35,2965.28,16.67,396253.48
Seattle,Weekly,1/4/2021 0:00,Conventional,0.98,835076.89,89950.91,186652.87,166.38,75345.07,74756.88,588.19,0,482961.66
South Carolina,Weekly,1/4/2021 0:00,Conventional,0.8,660809.25,271945.32,60323.06,1702.75,186784.82,149559.15,34168.45,3057.22,140053.3
South Central,Weekly,1/4/2021 0:00,Conventional,0.6,8804735.5,2873421.83,1524878.42,270286.42,2056823.31,1337176.94,693313.04,26333.33,2079325.52
Southeast,Weekly,1/4/2021 0:00,Conventional,0.75,6407185.99,2745830.2,335940.98,2624.77,1579399.22,1174659.11,356284.56,48455.55,1743390.82
Spokane,Weekly,1/4/2021 0:00,Conventional,0.84,140256.19,20360.47,24264.74,29.72,15686.56,15283.09,403.47,0,79914.7
St. Louis,Weekly,1/4/2021 0:00,Conventional,0.73,303228.99,145012.42,13035.13,47.81,71671.36,71190.17,474.52,6.67,73462.27
Syracuse,Weekly,1/4/2021 0:00,Conventional,0.92,108405.89,11554.6,53690.09,802.51,38581.01,28158.36,7625.98,2796.67,3777.68
Tampa,Weekly,1/4/2021 0:00,Conventional,0.72,688574.76,278390.17,31915.77,13.45,185659.8,114815.64,70840.83,3.33,192595.57
Total U.S.,Weekly,1/4/2021 0:00,Conventional,0.8,53700226.15,13743429.8,10634953.92,1146453.33,11812596.9,8915223.29,2604128.77,293244.84,16362792.2
West,Weekly,1/4/2021 0:00,Conventional,0.75,9667471.08,1940214.23,1445316.4,36956.88,1508179.62,1226449.39,266002.17,15728.06,4736803.95
West Tex/New Mexico,Weekly,1/4/2021 0:00,Conventional,0.58,1172270.09,327434.29,221760.49,21968.48,334398.74,229528.57,104856.84,13.33,266708.09
Albany,Weekly,1/4/2021 0:00,Organic,1.39,3427,62,457,12,2692,1470,1222,0,204
Atlanta,Weekly,1/4/2021 0:00,Organic,1.25,40863,90,3475,0,18800,9690,9110,0,18498
Baltimore/Washington,Weekly,1/4/2021 0:00,Organic,1.22,83583,649,3726,0,77570,71379,6191,0,1637
Boise,Weekly,1/4/2021 0:00,Organic,1.45,7770,5,1063,0,2865,1811,1054,0,3838
Boston,Weekly,1/4/2021 0:00,Organic,1.65,38871,78,4066,0,34514,32938,1576,0,213
Buffalo/Rochester,Weekly,1/4/2021 0:00,Organic,1.35,14177,912,148,1,13117,13117,0,0,0
California,Weekly,1/4/2021 0:00,Organic,1.56,383929,19270,22389,15,170490,122652,47838,0,171764
Charlotte,Weekly,1/4/2021 0:00,Organic,1.34,21420,105,4375,22,16203,16190,13,0,716
Chicago,Weekly,1/4/2021 0:00,Organic,1.16,116724,534,3243,0,86718,10599,76119,0,26229
Cincinnati/Dayton,Weekly,1/4/2021 0:00,Organic,1.28,19577,413,2720,0,5460,1552,3908,0,10984
Columbus,Weekly,1/4/2021 0:00,Organic,1.26,11672,595,1084,0,4522,1757,2765,0,5470
Dallas/Ft. Worth,Weekly,1/4/2021 0:00,Organic,1.13,54101,4396,88,263,34639,21443,13196,0,14715
Denver,Weekly,1/4/2021 0:00,Organic,1.09,58547,4158,975,0,27813,10779,17034,0,25602
Detroit,Weekly,1/4/2021 0:00,Organic,1.19,21700,310,2371,0,11461,3986,7475,0,7558
Grand Rapids,Weekly,1/4/2021 0:00,Organic,1.19,7974,59,2127,0,5788,4549,1240,0,0
Great Lakes,Weekly,1/4/2021 0:00,Organic,1.21,279007,6475,20112,0,170396,56973,113423,0,82024
Harrisburg/Scranton,Weekly,1/4/2021 0:00,Organic,1.17,20428,330,462,0,19631,19488,143,0,5
Hartford/Springfield,Weekly,1/4/2021 0:00,Organic,1.35,27212,324,16177,0,10688,10688,0,0,23
Houston,Weekly,1/4/2021 0:00,Organic,1.14,30140,6139,13,0,11800,881,10918,0,12189
Indianapolis,Weekly,1/4/2021 0:00,Organic,1.16,10239,144,875,0,5914,3068,2846,0,3306
Jacksonville,Weekly,1/4/2021 0:00,Organic,0.9,7297,43,295,2,6921,4654,0,2266,37
Las Vegas,Weekly,1/4/2021 0:00,Organic,1.33,16147,601,363,0,6837,4087,2751,0,8346
Los Angeles,Weekly,1/4/2021 0:00,Organic,1.36,171436,7510,3285,6,67197,24960,42237,0,93438
Louisville,Weekly,1/4/2021 0:00,Organic,1.19,8991,19,806,0,4202,323,3170,709,3964
Miami/Ft. Lauderdale,Weekly,1/4/2021 0:00,Organic,0.93,15803,179,0,0,15624,14443,0,1181,0
Midsouth,Weekly,1/4/2021 0:00,Organic,1.15,321407,2608,26300,142,255704,196374,47500,11830,36653
Nashville,Weekly,1/4/2021 0:00,Organic,1.12,18136,46,945,0,11854,2144,6344,3366,5292
New Orleans/Mobile,Weekly,1/4/2021 0:00,Organic,1.09,8290,65,0,0,6897,2683,4214,0,1327
New York,Weekly,1/4/2021 0:00,Organic,1.63,95843,11040,10652,4,68827,68827,0,0,5321
Northeast,Weekly,1/4/2021 0:00,Organic,1.49,301388,18415,40688,20,228541,214305,14236,0,13725
Northern New England,Weekly,1/4/2021 0:00,Organic,1.53,25803,59,694,0,21973,11576,10397,0,3078
Orlando,Weekly,1/4/2021 0:00,Organic,0.93,13790,196,0,0,13593,9974,0,3620,0
Philadelphia,Weekly,1/4/2021 0:00,Organic,1.46,31183,1769,2591,0,23294,22199,1095,0,3530
Phoenix/Tucson,Weekly,1/4/2021 0:00,Organic,1.11,40493,2883,10529,0,15824,11037,4787,0,11258
Pittsburgh,Weekly,1/4/2021 0:00,Organic,1.33,13472,2347,7,0,10064,10043,21,0,1055
Plains,Weekly,1/4/2021 0:00,Organic,1.15,70703,5004,2205,31,53521,48843,4678,0,9941
Portland,Weekly,1/4/2021 0:00,Organic,1.2,85937,2604,14391,0,13335,2347,10988,0,55607
Raleigh/Greensboro,Weekly,1/4/2021 0:00,Organic,1.26,27538,832,3554,62,22182,22174,8,0,908
Richmond/Norfolk,Weekly,1/4/2021 0:00,Organic,0.9,36985,13,1801,3,32127,24792,7334,0,3042
Roanoke,Weekly,1/4/2021 0:00,Organic,1,17401,14,1624,0,12154,7796,3734,624,3609
Sacramento,Weekly,1/4/2021 0:00,Organic,1.75,21701,2521,2747,0,12184,12184,0,0,4250
San Diego,Weekly,1/4/2021 0:00,Organic,1.29,36977,1128,1583,2,11224,6714,4510,0,23040
San Francisco,Weekly,1/4/2021 0:00,Organic,1.95,78943,3144,6422,1,44400,44400,0,0,24976
Seattle,Weekly,1/4/2021 0:00,Organic,1.6,80496,1323,16862,0,12651,2904,9747,0,49660
South Carolina,Weekly,1/4/2021 0:00,Organic,1.21,30692,663,3292,52,22970,20316,1776,878,3716
South Central,Weekly,1/4/2021 0:00,Organic,1.14,214021,17847,1634,2649,129592,76984,52608,0,62299
Southeast,Weekly,1/4/2021 0:00,Organic,1.08,183873,1638,9355,50,143151,108782,19844,14525,29679
Spokane,Weekly,1/4/2021 0:00,Organic,1.44,8914,81,985,0,3098,1058,2040,0,4750
St. Louis,Weekly,1/4/2021 0:00,Organic,1.8,6997,898,1102,0,3315,3315,0,0,1682
Syracuse,Weekly,1/4/2021 0:00,Organic,1.4,3951,265,161,0,3450,3096,354,0,75
Tampa,Weekly,1/4/2021 0:00,Organic,0.88,16434,128,0,0,16306,16306,0,0,0
Total U.S.,Weekly,1/4/2021 0:00,Organic,1.29,2224399,90895,182971,3877,1305915,903320,376239,26355,640741
West,Weekly,1/4/2021 0:00,Organic,1.28,470071,19637,60289,969,154520,78408,76112,0,234656
West Tex/New Mexico,Weekly,1/4/2021 0:00,Organic,1.13,34604,878,670,2174,20008,17859,2149,0,10875
Albany,Weekly,1/10/2021 0:00,Conventional,1.2,156964.48,7668.53,112416.37,33,31279.04,27447.12,918.59,2913.33,5567.54
Atlanta,Weekly,1/10/2021 0:00,Conventional,0.81,891750.56,350203.19,44200.96,31.4,184598.46,180392.14,4169.65,36.67,312716.55
Baltimore/Washington,Weekly,1/10/2021 0:00,Conventional,1.12,1086254.98,206455.65,309588.35,3353.95,458310.92,363654.04,76400.22,18256.66,108546.11
Boise,Weekly,1/10/2021 0:00,Conventional,0.95,155014.98,41229.01,12834.69,1297.41,38425.57,23956.3,14469.27,0,61228.3
Boston,Weekly,1/10/2021 0:00,Conventional,1.21,883096.8,18305.03,435289.24,114.46,232941.82,219853.91,6954.58,6133.33,196446.25
Buffalo/Rochester,Weekly,1/10/2021 0:00,Conventional,0.96,245920.96,24783.48,69058.31,2856.75,144606.92,118261.13,21255.79,5090,4615.5
California,Weekly,1/10/2021 0:00,Conventional,1.08,7974020.28,1956112.26,835362.8,232107.97,1460548.3,1214730.86,165623.61,80193.83,3489888.95
Charlotte,Weekly,1/10/2021 0:00,Conventional,0.9,421160.28,163266.73,53458.3,4244.29,166585.35,141260.02,25288.66,36.67,33605.61
Chicago,Weekly,1/10/2021 0:00,Conventional,1.19,957778.41,145242.97,138894.89,49350.5,229431.62,226750.98,2663.98,16.66,394858.43
Cincinnati/Dayton,Weekly,1/10/2021 0:00,Conventional,0.85,381919.75,67596.31,60985.68,4005.51,38173.82,38149.38,11.11,13.33,211158.43
Columbus,Weekly,1/10/2021 0:00,Conventional,0.84,279578.7,56866.95,41813.11,445.67,52125.39,51855.39,266.67,3.33,128327.58
Dallas/Ft. Worth,Weekly,1/10/2021 0:00,Conventional,0.63,1937631.12,630898.04,217442.73,12462.2,585993.41,407867.76,177552.32,573.33,490834.74
Denver,Weekly,1/10/2021 0:00,Conventional,0.9,1219088.75,184780.28,139553.06,3041.93,300529.53,263527.56,36961.97,40,591183.95
Detroit,Weekly,1/10/2021 0:00,Conventional,0.91,571747.36,95185.9,69641.28,58857.93,129777.29,128449.51,1321.11,6.67,218284.96
Grand Rapids,Weekly,1/10/2021 0:00,Conventional,1.26,225681.97,18434.7,55007.16,68776,61813.68,61474.79,338.89,0,21650.43
Great Lakes,Weekly,1/10/2021 0:00,Conventional,0.95,5050148.07,887388.13,880506.98,289185.58,1120814.56,1091903.1,28417.57,493.89,1872252.82
Harrisburg/Scranton,Weekly,1/10/2021 0:00,Conventional,0.98,430838.94,159887.47,112964.77,74.17,146743.36,134934.82,2125.21,9683.33,11169.17
Hartford/Springfield,Weekly,1/10/2021 0:00,Conventional,1.22,441587.51,11388.52,316844.33,236.51,105518.25,89809.08,10235.84,5473.33,7599.9
Houston,Weekly,1/10/2021 0:00,Conventional,0.65,1649296.68,537171.44,297728,3557.47,300345.03,210592.55,73199.14,16553.34,510494.74
Indianapolis,Weekly,1/10/2021 0:00,Conventional,0.8,300834.73,60240.08,69424.11,2547.89,69078.06,69026.12,35.27,16.67,99544.59
Jacksonville,Weekly,1/10/2021 0:00,Conventional,0.83,257852.04,116427.07,9330.12,97.37,69468.93,39939.97,26707.29,2821.67,62528.55
Las Vegas,Weekly,1/10/2021 0:00,Conventional,0.8,469755.12,70606.35,39640.49,64.82,153993.44,117563.02,36388.89,41.53,205450.02
Los Angeles,Weekly,1/10/2021 0:00,Conventional,1.12,3627630.5,907227.84,70384.26,178972.15,748331.9,566457.37,115525.7,66348.83,1722714.35
Louisville,Weekly,1/10/2021 0:00,Conventional,0.87,152206.34,28899.17,18009.29,46.89,38866.19,34037.86,33.33,4795,66384.8
Miami/Ft. Lauderdale,Weekly,1/10/2021 0:00,Conventional,0.84,1145085.12,527933.12,41841.66,124.54,275455.8,215883.26,58209.21,1363.33,299730
Midsouth,Weekly,1/10/2021 0:00,Conventional,0.91,4928218.58,1505105.92,820871.13,16301.48,1615935.37,1276009.33,250153.26,89772.78,970004.68
Nashville,Weekly,1/10/2021 0:00,Conventional,0.78,346754.01,117268.81,19666.74,197.6,85925.44,72397.17,2272.71,11255.56,123695.42
New Orleans/Mobile,Weekly,1/10/2021 0:00,Conventional,0.7,428002.93,150193.27,22827.08,253.2,170570.09,126154.63,31262.13,13153.33,84159.29
New York,Weekly,1/10/2021 0:00,Conventional,1.05,2406554.87,68139.44,1393157.77,1066.02,847583.35,637337,197993.02,12253.33,96608.29
Northeast,Weekly,1/10/2021 0:00,Conventional,1.07,6848650.22,580478.66,3476123.19,9639.85,2213643.15,1787469.49,355203.66,70970,568765.37
Northern New England,Weekly,1/10/2021 0:00,Conventional,1.07,718282.77,14643.72,462735.27,78.25,136047.33,129107.95,202.71,6736.67,104778.2
Orlando,Weekly,1/10/2021 0:00,Conventional,0.79,668377.34,283762.09,16214.77,140.36,219436.81,128758.71,86470.32,4207.78,148823.31
Philadelphia,Weekly,1/10/2021 0:00,Conventional,0.93,732797.33,139311.94,266107.08,222.32,264965.7,183070.66,74871.71,7023.33,62190.29
Phoenix/Tucson,Weekly,1/10/2021 0:00,Conventional,0.66,1497271.23,480326.67,193240.48,4530.27,202660,179645.01,22941.66,73.33,616513.81
Pittsburgh,Weekly,1/10/2021 0:00,Conventional,1.1,158782.97,35031.36,14742.47,9.69,52151.41,50749.19,372.22,1030,56848.04
Plains,Weekly,1/10/2021 0:00,Conventional,0.87,2692614.55,920663.65,550941.21,1018.74,730841.23,549903.74,180410.82,526.67,489149.72
Portland,Weekly,1/10/2021 0:00,Conventional,0.97,854118.87,129615.04,118150.35,3810,91515.67,47007.12,44508.55,0,511027.81
Raleigh/Greensboro,Weekly,1/10/2021 0:00,Conventional,0.85,562080.15,221178.36,75930.97,4204.53,218007.7,178791.23,39146.47,70,42758.59
Richmond/Norfolk,Weekly,1/10/2021 0:00,Conventional,0.86,400668.23,118328.08,81187.78,804.61,96800.37,72112.22,15761.48,8926.67,103547.39
Roanoke,Weekly,1/10/2021 0:00,Conventional,0.8,245563.32,72555.78,32875.66,39.03,53788.61,39308.46,9162.93,5317.22,86304.24
Sacramento,Weekly,1/10/2021 0:00,Conventional,1.03,620446.34,155588.72,186603.45,5270.49,115650.37,93899.26,21677.78,73.33,157333.31
San Diego,Weekly,1/10/2021 0:00,Conventional,1.19,685430.21,113059.29,30638.22,19703.2,130464.82,116981.03,3239.58,10244.21,391564.68
San Francisco,Weekly,1/10/2021 0:00,Conventional,1,1204533.44,264744.04,217613.31,8510.61,174953.3,172764.13,2162.5,26.67,538712.18
Seattle,Weekly,1/10/2021 0:00,Conventional,1.07,780462.68,95595.77,126350.24,182.87,87840.26,87833.59,0,6.67,470493.54
South Carolina,Weekly,1/10/2021 0:00,Conventional,0.86,638727.76,245624.03,49482.65,1399.32,203082.35,158982.73,42979.62,1120,139139.41
South Central,Weekly,1/10/2021 0:00,Conventional,0.66,8635983.33,2853535.77,1051632.93,134928.37,2442737.5,1651082.33,745598.51,46056.66,2153148.76
Southeast,Weekly,1/10/2021 0:00,Conventional,0.81,6469414.44,2711531.26,258075.45,2406.92,1720912.35,1293456.3,394476.61,32979.44,1776488.46
Spokane,Weekly,1/10/2021 0:00,Conventional,0.91,135345.81,21478.72,18197.07,7.95,20972.73,20972.73,0,0,74689.34
St. Louis,Weekly,1/10/2021 0:00,Conventional,0.79,290446.7,127377.3,20467.42,67.02,78958.9,78579.81,375.76,3.33,63576.06
Syracuse,Weekly,1/10/2021 0:00,Conventional,1.05,111904.19,10383.56,46116.09,967.72,50424.52,39547.8,7650.05,3226.67,4012.3
Tampa,Weekly,1/10/2021 0:00,Conventional,0.79,682349.95,266792.03,20937.5,19.61,199018.95,118242.92,80736.03,40,195581.86
Total U.S.,Weekly,1/10/2021 0:00,Conventional,0.89,51613834.04,13363389.86,8941365.96,710736.14,13139393.14,10377350.77,2422839.66,339202.71,15458948.94
West,Weekly,1/10/2021 0:00,Conventional,0.85,9014784.63,1948574.2,1067852.27,25147.25,1833960.73,1512795.65,302955.64,18209.44,4139250.18
West Tex/New Mexico,Weekly,1/10/2021 0:00,Conventional,0.64,1138008.14,337000.14,108841.2,13972.37,432536.2,315099.32,117420.21,16.67,245658.23
Albany,Weekly,1/10/2021 0:00,Organic,1.28,4634,58,481,0,3849,2134,1715,0,245
Atlanta,Weekly,1/10/2021 0:00,Organic,1.33,44631,157,3440,0,21761,10613,11148,0,19273
Baltimore/Washington,Weekly,1/10/2021 0:00,Organic,1.25,92131,687,3361,4,86634,80930,5704,0,1445
Boise,Weekly,1/10/2021 0:00,Organic,1.46,7886,10,874,0,3478,2196,1282,0,3524
Boston,Weekly,1/10/2021 0:00,Organic,1.67,55308,193,2250,0,52388,50551,1836,0,477
Buffalo/Rochester,Weekly,1/10/2021 0:00,Organic,1.38,23933,1122,157,0,22654,22654,0,0,0
California,Weekly,1/10/2021 0:00,Organic,1.73,373041,21994,22157,38,171386,117373,54012,0,157465
Charlotte,Weekly,1/10/2021 0:00,Organic,1.41,20649,142,3583,42,16118,16118,0,0,764
Chicago,Weekly,1/10/2021 0:00,Organic,1.19,112367,690,3504,0,82036,13242,68794,0,26137
Cincinnati/Dayton,Weekly,1/10/2021 0:00,Organic,1.37,19239,534,2109,0,7386,2173,5213,0,9210
Columbus,Weekly,1/10/2021 0:00,Organic,1.34,15088,720,1286,0,6930,2550,4380,0,6151
Dallas/Ft. Worth,Weekly,1/10/2021 0:00,Organic,1.09,79651,5144,1134,10434,41808,23616,18192,0,21130
Denver,Weekly,1/10/2021 0:00,Organic,1.03,76495,6764,1020,0,32723,13048,19675,0,35987
Detroit,Weekly,1/10/2021 0:00,Organic,1.18,30619,439,2383,0,18533,9824,8709,0,9264
Grand Rapids,Weekly,1/10/2021 0:00,Organic,1.07,10792,31,1584,0,9177,9037,140,0,0
Great Lakes,Weekly,1/10/2021 0:00,Organic,1.22,311846,6504,18782,0,202350,88664,113678,9,84209
Harrisburg/Scranton,Weekly,1/10/2021 0:00,Organic,1.13,24170,228,538,0,23390,23252,138,0,14
Hartford/Springfield,Weekly,1/10/2021 0:00,Organic,1.62,29237,516,8483,6,20118,20118,0,0,115
Houston,Weekly,1/10/2021 0:00,Organic,1.17,36529,6069,0,0,15994,1548,14446,0,14466
Indianapolis,Weekly,1/10/2021 0:00,Organic,1.17,13078,181,911,0,8206,4484,3722,0,3779
Jacksonville,Weekly,1/10/2021 0:00,Organic,1.01,5843,74,266,0,5474,2829,3,2643,28
Las Vegas,Weekly,1/10/2021 0:00,Organic,1.36,20922,923,712,0,9017,4912,4105,0,10270
Los Angeles,Weekly,1/10/2021 0:00,Organic,1.64,175162,9452,3152,11,74331,26789,47542,0,88216
Louisville,Weekly,1/10/2021 0:00,Organic,1.29,10893,11,949,0,5520,459,4221,840,4412
Miami/Ft. Lauderdale,Weekly,1/10/2021 0:00,Organic,0.94,23611,445,10,0,23147,21828,0,1318,10
Midsouth,Weekly,1/10/2021 0:00,Organic,1.23,346211,2874,25993,213,273620,207968,50573,15079,43511
Nashville,Weekly,1/10/2021 0:00,Organic,1.23,23601,22,1460,0,13258,2225,7183,3850,8861
New Orleans/Mobile,Weekly,1/10/2021 0:00,Organic,1.11,10015,48,0,0,8530,3175,5355,0,1437
New York,Weekly,1/10/2021 0:00,Organic,1.34,190713,11679,8791,21,164669,164669,0,0,5552
Northeast,Weekly,1/10/2021 0:00,Organic,1.38,472545,19425,26886,26,409464,388788,20676,0,16744
Northern New England,Weekly,1/10/2021 0:00,Organic,1.53,32974,137,901,0,27807,11888,15919,0,4129
Orlando,Weekly,1/10/2021 0:00,Organic,0.94,15807,86,0,0,15721,10979,0,4743,0
Philadelphia,Weekly,1/10/2021 0:00,Organic,1.28,47879,1793,1946,0,39893,38724,1169,0,4248
Phoenix/Tucson,Weekly,1/10/2021 0:00,Organic,1.25,39641,2954,5693,0,17630,11258,6372,0,13363
Pittsburgh,Weekly,1/10/2021 0:00,Organic,1.29,16600,2228,2,0,12959,12936,22,0,1412
Plains,Weekly,1/10/2021 0:00,Organic,1.14,82237,5673,2002,8,60599,54031,6568,0,13955
Portland,Weekly,1/10/2021 0:00,Organic,1.49,59610,1365,10612,0,15792,2286,13506,0,31841
Raleigh/Greensboro,Weekly,1/10/2021 0:00,Organic,1.39,27065,948,3581,93,21589,21577,12,0,855
Richmond/Norfolk,Weekly,1/10/2021 0:00,Organic,0.96,36334,13,1726,5,31788,26438,5349,0,2802
Roanoke,Weekly,1/10/2021 0:00,Organic,1.11,19831,29,1810,0,13628,8099,4619,910,4364
Sacramento,Weekly,1/10/2021 0:00,Organic,1.75,21155,3088,3183,0,11180,11180,0,0,3704
San Diego,Weekly,1/10/2021 0:00,Organic,1.82,34703,1392,1233,8,12617,7034,5583,0,19452
San Francisco,Weekly,1/10/2021 0:00,Organic,1.83,72603,2779,6172,10,39761,39761,0,0,23881
Seattle,Weekly,1/10/2021 0:00,Organic,1.81,68060,1185,13562,3,15309,2968,12340,0,38002
South Carolina,Weekly,1/10/2021 0:00,Organic,1.29,31115,550,3045,81,23358,20805,1610,942,4081
South Central,Weekly,1/10/2021 0:00,Organic,1.07,362504,19854,11029,85275,153686,85171,68515,0,92661
Southeast,Weekly,1/10/2021 0:00,Organic,1.13,204430,1797,9370,75,161652,120813,23759,17080,31535
Spokane,Weekly,1/10/2021 0:00,Organic,1.51,10121,171,1383,0,3511,1057,2454,0,5057
St. Louis,Weekly,1/10/2021 0:00,Organic,1.81,7054,869,1068,0,3442,3442,0,0,1675
Syracuse,Weekly,1/10/2021 0:00,Organic,1.39,7146,338,176,0,6507,6102,404,0,124
Tampa,Weekly,1/10/2021 0:00,Organic,0.9,17654,111,0,0,17543,17539,3,0,0
Total U.S.,Weekly,1/10/2021 0:00,Organic,1.31,2641720,100357,164498,107010,1606969,1145421,429380,32168,662887
West,Weekly,1/10/2021 0:00,Organic,1.32,488907,22236,48278,21374,174212,82613,91599,0,222807
West Tex/New Mexico,Weekly,1/10/2021 0:00,Organic,0.98,114338,1219,7524,53394,16838,14003,2835,0,35362
Albany,Weekly,1/17/2021 0:00,Conventional,1.23,154882.52,7332.18,112080.95,37.59,28240.27,23958.98,1147.96,3133.33,7191.53
Atlanta,Weekly,1/17/2021 0:00,Conventional,0.81,910589.42,353365.17,34122.48,41.86,211875.84,208563.89,3288.62,23.33,311184.07
Baltimore/Washington,Weekly,1/17/2021 0:00,Conventional,1.07,1215946.65,284623.73,366965.85,3793,456325.24,347758.51,89343.4,19223.33,104238.83
Boise,Weekly,1/17/2021 0:00,Conventional,0.94,156419.53,33220.61,12268.63,1126.84,35548.7,20918.23,14620.47,10,74254.75
Boston,Weekly,1/17/2021 0:00,Conventional,1.16,1003666.71,19927.92,461746.93,153.91,374864.67,345685.96,23492.04,5686.67,146973.28
Buffalo/Rochester,Weekly,1/17/2021 0:00,Conventional,0.98,257790.78,28947.28,67567.9,3007.66,152222.89,105950.37,40735.85,5536.67,6045.05
California,Weekly,1/17/2021 0:00,Conventional,1.16,7437526.02,1819481.06,906584.27,241462.16,1490337.59,1198437.76,226128.05,65771.78,2979660.94
Charlotte,Weekly,1/17/2021 0:00,Conventional,1.02,384563.27,144499.93,57729.45,4291.57,145337.28,121181.53,24125.75,30,32705.04
Chicago,Weekly,1/17/2021 0:00,Conventional,1.09,1207411.23,119681.68,232693,46090.29,229439.37,226324.43,3098.27,16.67,579506.89
Cincinnati/Dayton,Weekly,1/17/2021 0:00,Conventional,0.86,412329.49,59904.42,86947.75,3434.99,33830.24,33812.46,11.11,6.67,228212.09
Columbus,Weekly,1/17/2021 0:00,Conventional,0.78,323633.02,59509.95,63131.05,445.51,45007.8,44724.47,283.33,0,155538.71
Dallas/Ft. Worth,Weekly,1/17/2021 0:00,Conventional,0.65,1744345.64,647182.45,169772.71,17419.25,483323.69,393432.89,89420.8,470,426647.54
Denver,Weekly,1/17/2021 0:00,Conventional,0.84,1322562.41,213339.31,142384.13,2445.5,253470.36,232865.84,20564.52,40,710923.11
Detroit,Weekly,1/17/2021 0:00,Conventional,0.84,741473.68,100087.15,122500.91,158096.18,100865.91,100298.13,561.11,6.67,259923.53
Grand Rapids,Weekly,1/17/2021 0:00,Conventional,0.95,340532.04,19929.63,97205.96,155198.63,39185.17,38857.39,327.78,0,29012.65
Great Lakes,Weekly,1/17/2021 0:00,Conventional,0.88,6152626.6,884765,1324557.16,636802.64,994537.89,963693.16,30427.51,417.22,2311963.91
Harrisburg/Scranton,Weekly,1/17/2021 0:00,Conventional,0.96,470758.15,172091.88,119351.78,117.69,169881.38,153805.38,3119.33,12956.67,9315.42
Hartford/Springfield,Weekly,1/17/2021 0:00,Conventional,1.17,462008.83,11957.75,332366.66,174.06,112570.56,97448.86,10335.03,4786.67,4939.8
Houston,Weekly,1/17/2021 0:00,Conventional,0.73,1400342.76,519672.24,218958.97,2536.51,246897.08,205342.08,20628.34,20926.66,412277.96
Indianapolis,Weekly,1/17/2021 0:00,Conventional,0.8,349313.28,57047.9,100800.33,2032.6,67956.9,67831.34,88.89,36.67,121475.55
Jacksonville,Weekly,1/17/2021 0:00,Conventional,0.82,259224.71,98550.62,10968.18,84.24,80915.29,43546,27600.96,9768.33,68706.38
Las Vegas,Weekly,1/17/2021 0:00,Conventional,0.87,426454.58,58381.07,32278.61,78.57,148927.97,110465.61,38445.69,16.67,186788.36
Los Angeles,Weekly,1/17/2021 0:00,Conventional,1.09,3655111.89,909254.11,67110.56,189870.7,737874.6,515249.85,169559.3,53065.45,1751001.92
Louisville,Weekly,1/17/2021 0:00,Conventional,0.89,148954.65,24514.71,23073.43,45.76,40322.54,35193.1,111.11,5018.33,60998.21
Miami/Ft. Lauderdale,Weekly,1/17/2021 0:00,Conventional,0.83,1211053.08,563929.75,46294.05,122.78,294770.64,216628.04,74149.83,3992.77,305935.86
Midsouth,Weekly,1/17/2021 0:00,Conventional,0.95,4898030.4,1496967.31,902333.77,17166.51,1590296.23,1237165.58,262655.65,90475,891266.58
Nashville,Weekly,1/17/2021 0:00,Conventional,0.8,335390.93,118584.17,20908.81,5.5,93046.56,80896.5,2585.62,9564.44,102845.89
New Orleans/Mobile,Weekly,1/17/2021 0:00,Conventional,0.69,446355.71,160244.74,27906.51,402.11,173570.21,135727.67,25005.88,12836.66,84232.14
New York,Weekly,1/17/2021 0:00,Conventional,1.02,2580882.11,70504.14,1441142.79,951.17,985537.9,728245.78,241778.79,15513.33,82746.11
Northeast,Weekly,1/17/2021 0:00,Conventional,1.05,7336696.9,635105.09,3590162.03,9752.39,2581229.76,2056781.33,444778.43,79670,520447.63
Northern New England,Weekly,1/17/2021 0:00,Conventional,1.07,743055.45,17622.21,473566.58,96.35,161968,155898.91,179.09,5890,89802.31
Orlando,Weekly,1/17/2021 0:00,Conventional,0.79,680268.43,260587.14,17476.06,81.55,257567.93,149427.26,95027.34,13113.33,144555.75
Philadelphia,Weekly,1/17/2021 0:00,Conventional,0.95,759600.59,144272.87,271383.16,368.79,287020.68,202801.25,74866.1,9353.33,56555.09
Phoenix/Tucson,Weekly,1/17/2021 0:00,Conventional,0.65,1366784.95,572171.09,159494.57,4811.72,211035.88,181812.41,29203.47,20,419271.69
Pittsburgh,Weekly,1/17/2021 0:00,Conventional,0.89,207142.28,52823.35,13709.08,39.98,52074.53,50655.55,455.65,963.33,88495.34
Plains,Weekly,1/17/2021 0:00,Conventional,0.68,3262991.99,1517230.76,577566.85,884.29,730412.61,552378.7,177567.25,466.66,436897.48
Portland,Weekly,1/17/2021 0:00,Conventional,0.85,1006980.92,118269.18,118779.98,5102.33,179804.59,44150.56,135650.7,3.33,585024.84
Raleigh/Greensboro,Weekly,1/17/2021 0:00,Conventional,0.94,507918.8,196528.37,79735.52,4452.46,192854.82,154775.13,38036.36,43.33,34347.63
Richmond/Norfolk,Weekly,1/17/2021 0:00,Conventional,0.96,372513.9,98673.58,76363.96,886.63,102197.79,75005.42,17685.7,9506.67,94391.94
Roanoke,Weekly,1/17/2021 0:00,Conventional,0.87,247179.99,70800.66,32889.28,36.69,57722.09,44311.83,7846.93,5563.33,85731.27
Sacramento,Weekly,1/17/2021 0:00,Conventional,1.21,551415.74,136055.26,202023.42,3417.93,122947.95,101526.7,21381.25,40,86971.18
San Diego,Weekly,1/17/2021 0:00,Conventional,1.16,685588.5,115894.57,29989.61,22078.48,131305.7,115317.78,6421.53,9566.39,386320.14
San Francisco,Weekly,1/17/2021 0:00,Conventional,1.39,926940.07,203429.9,228238.12,7802.71,191507.48,185828.04,5669.44,10,295961.86
Seattle,Weekly,1/17/2021 0:00,Conventional,1.06,761169.69,83761.94,110912.91,192.08,73317.01,73317.01,0,0,492985.75
South Carolina,Weekly,1/17/2021 0:00,Conventional,0.89,629813.55,236991.9,51101.42,1683.47,195808.6,148387.41,43271.19,4150,144228.16
South Central,Weekly,1/17/2021 0:00,Conventional,0.68,8192028.99,2995927.21,849618.69,185867.39,2238179.29,1572334.51,615864.78,49980,1922436.41
Southeast,Weekly,1/17/2021 0:00,Conventional,0.81,6604655.76,2687804.53,257669.07,2601.48,1890313.24,1376344.43,447016.59,66952.22,1766267.44
Spokane,Weekly,1/17/2021 0:00,Conventional,0.94,132696.52,20330.77,14951.68,27.96,15799.41,15799.41,0,0,81586.7
St. Louis,Weekly,1/17/2021 0:00,Conventional,0.83,261775.71,109819.8,13717.18,64.95,83738.24,83247.22,487.69,3.33,54435.54
Syracuse,Weekly,1/17/2021 0:00,Conventional,1.06,115533.7,10566.25,47085.74,764.91,51465.28,35691.17,12760.78,3013.33,5651.52
Tampa,Weekly,1/17/2021 0:00,Conventional,0.78,715436.92,278764.46,22890.61,35.61,216505.39,126267.41,90207.98,30,197240.85
Total U.S.,Weekly,1/17/2021 0:00,Conventional,0.89,52941977.05,14077153.29,9387408.58,1118254.12,13374805.95,10319642.4,2688417.33,366746.22,14984355.11
West,Weekly,1/17/2021 0:00,Conventional,0.83,9057420.15,2039872.32,978916.72,23717.25,1859499.27,1362506.91,483979.03,13013.33,4155414.59
West Tex/New Mexico,Weekly,1/17/2021 0:00,Conventional,0.61,1238258.58,344028.58,112122.89,10450.38,536623.23,269329.05,267284.18,10,235033.5
Albany,Weekly,1/17/2021 0:00,Organic,1.33,4432,137,436,0,3556,2209,1347,0,303
Atlanta,Weekly,1/17/2021 0:00,Organic,1.42,47331,69,3332,0,24808,12003,12804,0,19122
Baltimore/Washington,Weekly,1/17/2021 0:00,Organic,1.21,94003,803,3980,4,86058,80882,5176,0,3157
Boise,Weekly,1/17/2021 0:00,Organic,1.41,7751,17,718,0,3131,1951,1180,0,3884
Boston,Weekly,1/17/2021 0:00,Organic,1.74,51864,197,2011,0,49258,47590,1668,0,399
Buffalo/Rochester,Weekly,1/17/2021 0:00,Organic,1.47,19088,1081,98,0,17908,17908,0,0,0
California,Weekly,1/17/2021 0:00,Organic,1.74,398850,23426,20704,9,182669,129243,53426,0,172042
Charlotte,Weekly,1/17/2021 0:00,Organic,1.4,20440,84,3333,25,16083,16074,9,0,916
Chicago,Weekly,1/17/2021 0:00,Organic,1.46,68519,700,3861,0,37197,13759,23437,0,26761
Cincinnati/Dayton,Weekly,1/17/2021 0:00,Organic,1.41,23496,591,2690,0,7025,1872,5153,0,13190
Columbus,Weekly,1/17/2021 0:00,Organic,1.33,16268,1260,1359,0,6926,2502,4424,0,6723
Dallas/Ft. Worth,Weekly,1/17/2021 0:00,Organic,1.18,65422,4240,170,2246,40093,23401,16692,0,18673
Denver,Weekly,1/17/2021 0:00,Organic,1.11,58897,3880,758,0,28905,10396,18509,0,25354
Detroit,Weekly,1/17/2021 0:00,Organic,1.3,30352,571,2666,0,14247,5959,8288,0,12868
Grand Rapids,Weekly,1/17/2021 0:00,Organic,1.25,8116,32,1181,0,6903,6903,0,0,0
Great Lakes,Weekly,1/17/2021 0:00,Organic,1.35,268158,8286,19992,0,141442,76294,65038,111,98437
Harrisburg/Scranton,Weekly,1/17/2021 0:00,Organic,1.15,23218,643,585,0,21949,21810,139,0,42
Hartford/Springfield,Weekly,1/17/2021 0:00,Organic,1.84,24507,1223,7905,0,15149,15149,0,0,230
Houston,Weekly,1/17/2021 0:00,Organic,1.24,35226,5122,4,0,17554,1468,16087,0,12545
Indianapolis,Weekly,1/17/2021 0:00,Organic,1.24,13768,172,1266,0,6789,3449,3341,0,5540
Jacksonville,Weekly,1/17/2021 0:00,Organic,1.05,5542,66,216,0,5202,1801,3,3398,58
Las Vegas,Weekly,1/17/2021 0:00,Organic,1.4,20816,978,571,0,8837,4551,4286,0,10431
Los Angeles,Weekly,1/17/2021 0:00,Organic,1.63,185385,10245,2811,6,76070,29586,46484,0,96253
Louisville,Weekly,1/17/2021 0:00,Organic,1.45,10866,1,789,0,5790,232,4461,1097,4286
Miami/Ft. Lauderdale,Weekly,1/17/2021 0:00,Organic,0.92,22881,293,7,0,22582,21503,0,1079,0
Midsouth,Weekly,1/17/2021 0:00,Organic,1.25,352543,2948,25917,171,277294,206969,54637,15689,46212
Nashville,Weekly,1/17/2021 0:00,Organic,1.32,24365,36,1507,0,14398,2319,7896,4183,8423
New Orleans/Mobile,Weekly,1/17/2021 0:00,Organic,1.11,7775,32,0,0,6388,3539,2849,0,1355
New York,Weekly,1/17/2021 0:00,Organic,1.57,143843,22115,13307,12,101251,101251,0,0,7157
Northeast,Weekly,1/17/2021 0:00,Organic,1.52,399275,36313,32691,11,310004,293006,16997,0,20256
Northern New England,Weekly,1/17/2021 0:00,Organic,1.56,31210,104,776,0,26224,13539,12685,0,4107
Orlando,Weekly,1/17/2021 0:00,Organic,0.94,14568,123,0,0,14445,10350,0,4095,0
Philadelphia,Weekly,1/17/2021 0:00,Organic,1.42,42168,3495,3308,0,30563,29448,1115,0,4802
Phoenix/Tucson,Weekly,1/17/2021 0:00,Organic,1.27,38463,3943,5863,0,18402,11954,6447,0,10255
Pittsburgh,Weekly,1/17/2021 0:00,Organic,1.22,17781,3678,0,0,11845,11840,6,0,2259
Plains,Weekly,1/17/2021 0:00,Organic,1.11,85694,5256,2167,17,65149,57998,7150,0,13107
Portland,Weekly,1/17/2021 0:00,Organic,1.36,63268,1100,9147,0,15559,2505,13054,0,37462
Raleigh/Greensboro,Weekly,1/17/2021 0:00,Organic,1.4,26599,825,3646,78,21071,21059,12,0,978
Richmond/Norfolk,Weekly,1/17/2021 0:00,Organic,1.03,37997,41,1776,3,33464,27296,6168,0,2713
Roanoke,Weekly,1/17/2021 0:00,Organic,1.17,20772,40,1683,0,14496,8677,5028,790,4553
Sacramento,Weekly,1/17/2021 0:00,Organic,1.7,22350,2959,2510,0,13054,13054,0,0,3827
San Diego,Weekly,1/17/2021 0:00,Organic,1.88,38035,1524,1382,0,12444,7204,5240,0,22685
San Francisco,Weekly,1/17/2021 0:00,Organic,1.86,79853,3205,5925,1,44650,44650,0,0,26073
Seattle,Weekly,1/17/2021 0:00,Organic,1.6,93549,1035,15298,4,14629,2755,11874,0,62583
South Carolina,Weekly,1/17/2021 0:00,Organic,1.32,31555,525,2507,74,24102,20361,2517,1225,4347
South Central,Weekly,1/17/2021 0:00,Organic,1.24,263554,16368,3186,18304,150246,84661,65586,0,75451
Southeast,Weekly,1/17/2021 0:00,Organic,1.18,206488,1477,8294,68,164139,120121,25923,18095,32510
Spokane,Weekly,1/17/2021 0:00,Organic,1.5,8903,138,884,0,3431,1020,2411,0,4450
St. Louis,Weekly,1/17/2021 0:00,Organic,1.71,7872,956,1267,0,4250,4250,0,0,1399
Syracuse,Weekly,1/17/2021 0:00,Organic,1.44,5569,286,154,0,4984,4596,388,0,146
Tampa,Weekly,1/17/2021 0:00,Organic,0.92,17587,122,0,0,17465,17465,0,0,0
Total U.S.,Weekly,1/17/2021 0:00,Organic,1.39,2440237,114849,157575,22490,1463853,1051558,378401,33895,681469
West,Weekly,1/17/2021 0:00,Organic,1.37,465675,20776,44625,3910,172910,83266,89644,0,223454
West Tex/New Mexico,Weekly,1/17/2021 0:00,Organic,1.38,53780,1796,1658,10501,23760,20286,3475,0,16064
Albany,Weekly,1/24/2021 0:00,Conventional,0.92,195366.56,9431.34,155635.75,55.13,24875.84,22183,1389.51,1303.33,5368.5
Atlanta,Weekly,1/24/2021 0:00,Conventional,0.8,885676.32,346275.38,39111.46,50.54,208042.37,205987.3,1991.74,63.33,292196.57
Baltimore/Washington,Weekly,1/24/2021 0:00,Conventional,1.07,1199319.36,248340.88,318964.97,4845.39,458234.21,369673.57,67997.31,20563.33,168933.91
Boise,Weekly,1/24/2021 0:00,Conventional,0.87,167096.14,39896.97,10935.14,1028.66,32932.49,21405.86,11516.63,10,82302.88
Boston,Weekly,1/24/2021 0:00,Conventional,1.18,922708.08,18640.04,496362.87,122.98,264939.72,257393.16,1323.23,6223.33,142642.47
Buffalo/Rochester,Weekly,1/24/2021 0:00,Conventional,0.93,254521.46,38997.3,67964.7,2521.93,139528.53,127503.6,9504.93,2520,5509
California,Weekly,1/24/2021 0:00,Conventional,1.13,7538838.49,1735687.86,961556.25,226309.08,1482205.41,1216208.23,210550.62,55446.56,3133079.89
Charlotte,Weekly,1/24/2021 0:00,Conventional,0.96,411130.69,176752.33,62683.7,5931.99,132402.72,111768.23,20597.82,36.67,33359.95
Chicago,Weekly,1/24/2021 0:00,Conventional,0.98,1232363.64,139874.27,234285.03,41675.23,218103.68,215386.04,2704.31,13.33,598425.43
Cincinnati/Dayton,Weekly,1/24/2021 0:00,Conventional,0.82,365491.65,52593.61,84925.22,2113.66,31325.58,31314.47,11.11,0,194533.58
Columbus,Weekly,1/24/2021 0:00,Conventional,0.83,297889.18,52227.23,61236.54,486,45408.9,45327.79,77.78,3.33,138530.51
Dallas/Ft. Worth,Weekly,1/24/2021 0:00,Conventional,0.64,1823394.16,597474.45,203532.54,12607.82,482690.16,407274.08,74942.75,473.33,527089.19
Denver,Weekly,1/24/2021 0:00,Conventional,0.88,1153699.94,204753.57,118282.92,3193.33,283914.56,258924.59,24963.3,26.67,543555.56
Detroit,Weekly,1/24/2021 0:00,Conventional,0.86,723473.84,92803.17,120429.43,139882.94,98467.34,97997.34,466.67,3.33,271890.96
Grand Rapids,Weekly,1/24/2021 0:00,Conventional,0.97,305316.09,17274.87,78460.3,142341.17,38764.58,38466.81,294.44,3.33,28475.17
Great Lakes,Weekly,1/24/2021 0:00,Conventional,0.88,5782228,829916.89,1254292.99,567923.78,933417.04,907935.14,25157.13,324.77,2196677.3
Harrisburg/Scranton,Weekly,1/24/2021 0:00,Conventional,0.94,473204.1,166179.7,123804.34,182.53,170796.94,154488.57,5798.37,10510,12240.59
Hartford/Springfield,Weekly,1/24/2021 0:00,Conventional,1.07,520736.13,12598.62,392555.53,169.87,112320.75,100188.23,5855.85,6276.67,3091.36
Houston,Weekly,1/24/2021 0:00,Conventional,0.64,1733687.29,531226.35,306310.1,2847.37,237253.57,196607.6,22562.63,18083.34,656049.9
Indianapolis,Weekly,1/24/2021 0:00,Conventional,0.8,319506.73,56714.96,93259.65,1234.49,61610.9,61423.12,177.78,10,106686.73
Jacksonville,Weekly,1/24/2021 0:00,Conventional,0.86,272293.8,122951.79,11255.45,129.34,67218.35,39028.61,26871.41,1318.33,70738.87
Las Vegas,Weekly,1/24/2021 0:00,Conventional,0.8,484980.64,70081.37,43807.54,906.19,142233.64,96625.03,45581.94,26.67,227951.9
Los Angeles,Weekly,1/24/2021 0:00,Conventional,1.09,3570572.38,844438.7,71884.14,175493.28,703544.93,500572.65,158134.74,44837.54,1775211.33
Louisville,Weekly,1/24/2021 0:00,Conventional,0.84,169022.98,26124.85,31163.8,42.88,31198.72,29746.5,83.33,1368.89,80492.73
Miami/Ft. Lauderdale,Weekly,1/24/2021 0:00,Conventional,0.84,1238826.82,590204.02,47214.92,89.63,291008.86,217415.77,73306.42,286.67,310309.39
Midsouth,Weekly,1/24/2021 0:00,Conventional,0.91,5080604.24,1609174.28,908159.81,23133.93,1465665.13,1186302.59,221793.65,57568.89,1074471.09
Nashville,Weekly,1/24/2021 0:00,Conventional,0.81,332688.87,118256.94,23114.46,13.18,77932.28,75089.37,2174.58,668.33,113372.01
New Orleans/Mobile,Weekly,1/24/2021 0:00,Conventional,0.72,434430.03,153613.03,24816.36,372.66,175143.76,140265.87,22197.89,12680,80484.22
New York,Weekly,1/24/2021 0:00,Conventional,0.96,2881927.88,83027.97,1627172,839.93,1008957.69,727279.57,269864.79,11813.33,161930.29
Northeast,Weekly,1/24/2021 0:00,Conventional,0.98,7883844.76,661914.59,4185198.47,8375.9,2433298.66,1970604.13,397764.53,64930,595057.14
Northern New England,Weekly,1/24/2021 0:00,Conventional,0.88,886682.75,18289.43,686339.03,126.53,109129.99,102126.42,190.24,6813.33,72797.77
Orlando,Weekly,1/24/2021 0:00,Conventional,0.81,718112.63,311336.9,17853.74,21.45,224339.18,131500.86,91257.76,1580.56,164561.36
Philadelphia,Weekly,1/24/2021 0:00,Conventional,0.89,868474.69,153023.31,290714.51,382.04,295139.72,206248.42,80997.97,7893.33,129215.11
Phoenix/Tucson,Weekly,1/24/2021 0:00,Conventional,0.69,1467400.05,303386.43,297148.41,4005.63,188052.48,161426.93,26622.22,3.33,674807.1
Pittsburgh,Weekly,1/24/2021 0:00,Conventional,1.09,140769.97,37981.3,13294.8,3.37,51155.27,49667.5,494.44,993.33,38335.23
Plains,Weekly,1/24/2021 0:00,Conventional,0.87,2627286.39,891679.29,509757.28,995.31,732621.48,562153.77,169797.71,670,492233.03
Portland,Weekly,1/24/2021 0:00,Conventional,0.9,905864.43,115248.9,105301.15,4690.62,82587.67,41971.67,40609.33,6.67,598036.09
Raleigh/Greensboro,Weekly,1/24/2021 0:00,Conventional,0.9,536921.95,229620.82,81933.7,6280.97,178077.62,142638.1,35289.52,150,41008.84
Richmond/Norfolk,Weekly,1/24/2021 0:00,Conventional,0.85,423219.26,126414.7,92250.27,1274.15,94149.41,68568,15908.08,9673.33,109130.73
Roanoke,Weekly,1/24/2021 0:00,Conventional,0.82,267673.87,79172.83,38337,14.44,53261.92,42660.8,7296.12,3305,96887.68
Sacramento,Weekly,1/24/2021 0:00,Conventional,1.02,623985.99,141912.6,249034.94,4358.72,129247.48,111421.65,17695.83,130,99432.25
San Diego,Weekly,1/24/2021 0:00,Conventional,1.14,692735.63,108527.3,34418.62,19739.35,119385.13,105032.64,6304.17,8048.32,410665.23
San Francisco,Weekly,1/24/2021 0:00,Conventional,1.37,958934.24,193545.61,216371.74,8187.81,211085.13,206640.55,4397.91,46.67,329743.95
Seattle,Weekly,1/24/2021 0:00,Conventional,1.07,780443.78,96929.41,102155.79,160.2,68295.16,68295.16,0,0,512903.22
South Carolina,Weekly,1/24/2021 0:00,Conventional,0.87,619350.93,261316.65,50029.74,2203.11,168426.04,130252.37,37350.9,822.77,137375.39
South Central,Weekly,1/24/2021 0:00,Conventional,0.67,8548673.05,2768809.73,1026147.94,136919.97,2144690.84,1607954.06,491270.11,45466.67,2472104.57
Southeast,Weekly,1/24/2021 0:00,Conventional,0.82,6740026.76,2897787.44,271164.29,3131.85,1751725.42,1302906.03,428217.72,20601.67,1816217.76
Spokane,Weekly,1/24/2021 0:00,Conventional,0.93,138297.01,21170.44,15197.61,14.02,15666.86,15666.86,0,0,86248.08
St. Louis,Weekly,1/24/2021 0:00,Conventional,0.85,281860.61,124767.22,13923.7,28.25,83307.59,82483.16,814.43,10,59833.85
Syracuse,Weekly,1/24/2021 0:00,Conventional,0.94,123122.5,13154.62,57382.89,580.4,48284.07,43730.11,3050.63,1503.33,3720.52
Tampa,Weekly,1/24/2021 0:00,Conventional,0.8,749855.72,301362.61,23527.33,17.8,211981.01,122692.53,89275.15,13.33,212966.97
Total U.S.,Weekly,1/24/2021 0:00,Conventional,0.88,53237040.17,13116601.84,10289480.96,990601.25,12621867.75,10119268.97,2246769.63,255829.15,16218488.37
West,Weekly,1/24/2021 0:00,Conventional,0.84,9035538.27,1721631.76,1173203.94,23811.42,1678243.81,1365205,302218.21,10820.6,4438647.34
West Tex/New Mexico,Weekly,1/24/2021 0:00,Conventional,0.64,1200129.95,346320.08,108086.03,9884.54,472566.68,302113.32,170440.03,13.33,263272.62
Albany,Weekly,1/24/2021 0:00,Organic,1.34,3802,45,465,0,3081,1875,1206,0,212
Atlanta,Weekly,1/24/2021 0:00,Organic,1.34,48944,51,3479,0,23589,10833,12756,0,21826
Baltimore/Washington,Weekly,1/24/2021 0:00,Organic,1.19,94918,685,3729,8,89175,84253,4922,0,1322
Boise,Weekly,1/24/2021 0:00,Organic,1.4,7540,12,674,0,3141,1794,1347,0,3711
Boston,Weekly,1/24/2021 0:00,Organic,1.5,72395,119,2146,0,69721,68402,1319,0,409
Buffalo/Rochester,Weekly,1/24/2021 0:00,Organic,1.44,18381,1254,144,0,16982,16982,0,0,0
California,Weekly,1/24/2021 0:00,Organic,1.7,404877,24928,27072,0,182802,125181,57621,0,170074
Charlotte,Weekly,1/24/2021 0:00,Organic,1.35,20471,71,3416,31,16731,16722,9,0,222
Chicago,Weekly,1/24/2021 0:00,Organic,1.34,77450,443,3712,0,49843,9702,40141,0,23452
Cincinnati/Dayton,Weekly,1/24/2021 0:00,Organic,1.39,22561,626,2629,0,7441,2059,5383,0,11865
Columbus,Weekly,1/24/2021 0:00,Organic,1.33,14110,1688,1090,0,6785,2403,4382,0,4546
Dallas/Ft. Worth,Weekly,1/24/2021 0:00,Organic,0.98,95387,5590,3012,498,40033,24180,15853,0,46255
Denver,Weekly,1/24/2021 0:00,Organic,1.11,67975,4599,826,0,33797,11058,22739,0,28753
Detroit,Weekly,1/24/2021 0:00,Organic,1.26,28294,1023,2468,0,14007,5788,8219,0,10796
Grand Rapids,Weekly,1/24/2021 0:00,Organic,0.93,15924,27,1155,0,14741,14741,0,0,1
Great Lakes,Weekly,1/24/2021 0:00,Organic,1.27,273198,8386,18524,0,165715,82117,83493,105,80572
Harrisburg/Scranton,Weekly,1/24/2021 0:00,Organic,1.17,23188,272,535,0,22356,22223,133,0,25
Hartford/Springfield,Weekly,1/24/2021 0:00,Organic,1.63,33418,382,7719,0,25233,25233,0,0,84
Houston,Weekly,1/24/2021 0:00,Organic,1.03,51326,5160,762,0,16944,1214,15729,0,28461
Indianapolis,Weekly,1/24/2021 0:00,Organic,1.23,12004,137,1116,0,6527,2788,3739,0,4224
Jacksonville,Weekly,1/24/2021 0:00,Organic,0.97,5780,75,244,0,5461,2923,0,2538,0
Las Vegas,Weekly,1/24/2021 0:00,Organic,1.36,19091,932,326,0,8427,4104,4322,0,9407
Los Angeles,Weekly,1/24/2021 0:00,Organic,1.58,189008,11971,2568,0,77324,26404,50919,0,97144
Louisville,Weekly,1/24/2021 0:00,Organic,1.31,9365,2,694,0,4809,201,3535,1073,3859
Miami/Ft. Lauderdale,Weekly,1/24/2021 0:00,Organic,0.92,19414,311,0,0,19103,19012,0,90,0
Midsouth,Weekly,1/24/2021 0:00,Organic,1.19,360742,2657,25766,184,292344,224870,51284,16190,39791
Nashville,Weekly,1/24/2021 0:00,Organic,1.22,24652,24,1583,0,14574,1788,8163,4623,8471
New Orleans/Mobile,Weekly,1/24/2021 0:00,Organic,1.05,11924,41,40,0,10441,3186,7255,0,1402
New York,Weekly,1/24/2021 0:00,Organic,1.51,162866,14252,10033,14,133275,133275,0,0,5292
Northeast,Weekly,1/24/2021 0:00,Organic,1.47,431385,22724,27778,23,364720,349348,15373,0,16140
Northern New England,Weekly,1/24/2021 0:00,Organic,1.48,33218,67,735,0,28188,16470,11718,0,4228
Orlando,Weekly,1/24/2021 0:00,Organic,0.89,10362,128,0,0,10234,9770,3,461,0
Philadelphia,Weekly,1/24/2021 0:00,Organic,1.46,34410,1798,2523,1,26128,25045,1083,0,3960
Phoenix/Tucson,Weekly,1/24/2021 0:00,Organic,1.27,34021,2576,2293,0,16517,10543,5974,0,12635
Pittsburgh,Weekly,1/24/2021 0:00,Organic,1.32,14414,2272,0,0,10698,10687,11,0,1444
Plains,Weekly,1/24/2021 0:00,Organic,1.13,74736,4850,2036,11,60665,56631,4034,0,7174
Portland,Weekly,1/24/2021 0:00,Organic,1.34,57918,799,8533,0,17113,2501,14612,0,31472
Raleigh/Greensboro,Weekly,1/24/2021 0:00,Organic,1.32,31684,757,3690,57,26616,26612,3,0,565
Richmond/Norfolk,Weekly,1/24/2021 0:00,Organic,0.97,37440,25,1754,0,33213,27926,5287,0,2449
Roanoke,Weekly,1/24/2021 0:00,Organic,1.07,21304,24,1607,0,16005,9377,5747,881,3668
Sacramento,Weekly,1/24/2021 0:00,Organic,1.63,22847,2730,3690,0,12550,12550,0,0,3876
San Diego,Weekly,1/24/2021 0:00,Organic,1.82,35479,1520,1142,0,12386,7284,5101,0,20431
San Francisco,Weekly,1/24/2021 0:00,Organic,1.87,81585,3016,8722,0,44340,44340,0,0,25508
Seattle,Weekly,1/24/2021 0:00,Organic,1.62,85807,1289,14575,0,14485,2422,12062,0,55459
South Carolina,Weekly,1/24/2021 0:00,Organic,1.29,32006,423,2810,77,23740,20064,2877,799,4956
South Central,Weekly,1/24/2021 0:00,Organic,1.03,337101,19182,9489,4466,147590,80061,67530,0,156373
Southeast,Weekly,1/24/2021 0:00,Organic,1.14,197148,1638,8825,71,150799,114526,27083,9190,35815
Spokane,Weekly,1/24/2021 0:00,Organic,1.46,8803,202,857,0,3629,1030,2599,0,4115
St. Louis,Weekly,1/24/2021 0:00,Organic,1.78,7663,728,1136,0,4052,4052,0,0,1748
Syracuse,Weekly,1/24/2021 0:00,Organic,1.39,5183,355,100,0,4649,4220,429,0,79
Tampa,Weekly,1/24/2021 0:00,Organic,0.92,16805,176,0,0,16628,16628,0,0,0
Total U.S.,Weekly,1/24/2021 0:00,Organic,1.33,2521304,102266,155918,6069,1535483,1105120,404877,25486,721568
West,Weekly,1/24/2021 0:00,Organic,1.36,442117,17900,36429,1314,170847,72387,98460,0,215628
West Tex/New Mexico,Weekly,1/24/2021 0:00,Organic,1.38,28258,750,689,3163,12845,9943,2902,0,10810
Albany,Weekly,1/31/2021 0:00,Conventional,0.9,147274.78,7128.26,103472.61,54.57,29634.29,24568.13,3686.16,1380,6985.05
Atlanta,Weekly,1/31/2021 0:00,Conventional,0.81,958193.21,388623.91,39926.76,73.49,216443.12,213715.44,2714.35,13.33,313125.93
Baltimore/Washington,Weekly,1/31/2021 0:00,Conventional,0.96,1430903.73,291872.38,385121.38,3805.52,642096.79,373751.86,246151.6,22193.33,108007.66
Boise,Weekly,1/31/2021 0:00,Conventional,1.03,131345.61,37760.44,6135.95,1122.01,34257.16,20951.7,13302.13,3.33,52070.05
Boston,Weekly,1/31/2021 0:00,Conventional,1.25,845245.71,18881.67,451348.41,150.64,262465.7,254459.87,1132.5,6873.33,112399.29
Buffalo/Rochester,Weekly,1/31/2021 0:00,Conventional,0.94,259140.12,21237.33,64826.63,2534.82,163842.99,128147.75,32461.91,3233.33,6698.35
California,Weekly,1/31/2021 0:00,Conventional,1.14,7270505.78,1537031.66,718074.2,131303.64,1553872.62,1320727.65,174269.44,58875.53,3330223.66
Charlotte,Weekly,1/31/2021 0:00,Conventional,1.05,401186.97,175441.89,60327.98,4998.19,129967.75,109430.76,20480.32,56.67,30451.16
Chicago,Weekly,1/31/2021 0:00,Conventional,1.21,982044.57,130656.72,149350.04,41397.59,232977.58,229760.04,3168.95,48.59,427662.64
Cincinnati/Dayton,Weekly,1/31/2021 0:00,Conventional,0.9,340087.54,67185.88,54592,1089.84,32269.37,32179.09,72.22,18.06,184950.45
Columbus,Weekly,1/31/2021 0:00,Conventional,0.89,282852.21,52873.35,40765.9,288.69,46043.25,45932.14,111.11,0,142881.02
Dallas/Ft. Worth,Weekly,1/31/2021 0:00,Conventional,0.66,1870435.98,598565.05,198800.01,13997.38,493775.58,393112.91,100172.67,490,565297.96
Denver,Weekly,1/31/2021 0:00,Conventional,0.92,1084035.73,212404.67,93755.05,3200.29,307674.33,274949.4,32698.26,26.67,467001.39
Detroit,Weekly,1/31/2021 0:00,Conventional,1.03,497370.61,91765.36,64049.56,44263.02,90847.33,90057.93,694.44,94.96,206445.34
Grand Rapids,Weekly,1/31/2021 0:00,Conventional,1.48,166267.06,19166.57,48383.18,51270.44,29349.91,28942.81,300,107.1,18096.96
Great Lakes,Weekly,1/31/2021 0:00,Conventional,1.01,4739330.83,864858.31,846033.22,219812.24,928994.4,899034.68,29426.8,532.92,1879632.66
Harrisburg/Scranton,Weekly,1/31/2021 0:00,Conventional,0.96,500132.81,181727.39,125420.55,173.87,175753.28,159817.95,6368.66,9566.67,17057.72
Hartford/Springfield,Weekly,1/31/2021 0:00,Conventional,1.13,475852.17,10756.03,344168.93,293.2,112113.7,101532.36,4108.01,6473.33,8520.31
Houston,Weekly,1/31/2021 0:00,Conventional,0.67,1755464.08,535888.32,292360.75,2931.33,264474.88,195857.84,50250.38,18366.66,659808.8
Indianapolis,Weekly,1/31/2021 0:00,Conventional,0.89,277350.31,61736.31,68793.78,901.03,58643.06,57892.99,705.56,44.51,87276.13
Jacksonville,Weekly,1/31/2021 0:00,Conventional,0.89,295335.78,131516.12,11430.06,86.49,66890.98,39331.83,27547.48,11.67,85412.13
Las Vegas,Weekly,1/31/2021 0:00,Conventional,0.69,651174.21,70064.05,66392.83,220.36,131269.61,89238.77,42020.84,10,383227.36
Los Angeles,Weekly,1/31/2021 0:00,Conventional,1.05,3654227.57,797639.21,81632.75,101625.87,699109.69,523690.79,127556.25,47862.65,1974220.05
Louisville,Weekly,1/31/2021 0:00,Conventional,0.82,142687.87,26658.35,18430.52,56.33,29345.09,28842.87,483.33,18.89,68197.58
Miami/Ft. Lauderdale,Weekly,1/31/2021 0:00,Conventional,0.86,1378286.95,697637.5,52713,100.02,285187.04,214818.3,70360.96,7.78,342649.39
Midsouth,Weekly,1/31/2021 0:00,Conventional,0.92,5231448.32,1620214.23,940407.63,19479.67,1707512.54,1207527.55,449116.71,50868.28,943834.25
Nashville,Weekly,1/31/2021 0:00,Conventional,0.83,340474.12,119946.98,22024.28,13.57,74432.65,70838.79,3482.19,111.67,124056.64
New Orleans/Mobile,Weekly,1/31/2021 0:00,Conventional,0.75,420640.3,148185.78,23171.62,326.51,166075.82,122993.02,29639.47,13443.33,82880.57
New York,Weekly,1/31/2021 0:00,Conventional,0.96,3007126.44,74012.58,1658573.36,803.48,1171435.42,734573.39,426472.03,10390,102301.6
Northeast,Weekly,1/31/2021 0:00,Conventional,0.98,7799440.94,633486.05,3831292.09,8710.27,2832987.86,2014835.63,754592.23,63560,492964.67
Northern New England,Weekly,1/31/2021 0:00,Conventional,0.88,686288.44,15693.21,491382.87,129.85,109296.86,102143.53,500,6653.33,69785.65
Orlando,Weekly,1/31/2021 0:00,Conventional,0.84,767483.94,333310.74,18647.32,59.48,223484.87,134334.02,89090.84,60.01,191981.53
Philadelphia,Weekly,1/31/2021 0:00,Conventional,0.86,960648.77,153449.67,298861.58,262.12,440652.31,219744.5,213097.81,7810,67423.09
Phoenix/Tucson,Weekly,1/31/2021 0:00,Conventional,0.57,1831577.52,443600.34,264748.92,5099.79,190162.16,164617.99,25537.5,6.67,927966.31
Pittsburgh,Weekly,1/31/2021 0:00,Conventional,0.89,184182.96,44885.54,14569.81,26.88,55617.09,53938.21,888.88,790,69083.64
Plains,Weekly,1/31/2021 0:00,Conventional,0.9,2617770.91,881530.76,522493.88,769.85,737525.69,566177.85,170827.84,520,475450.73
Portland,Weekly,1/31/2021 0:00,Conventional,1.04,738908.92,116986.63,64851.76,5127.12,90807.85,46729.93,44074.59,3.33,461135.56
Raleigh/Greensboro,Weekly,1/31/2021 0:00,Conventional,0.95,535609.85,232925.95,83026.39,5308.06,183610.22,147587.17,35979.72,43.33,30739.23
Richmond/Norfolk,Weekly,1/31/2021 0:00,Conventional,0.92,405826.25,116182.66,86676.9,1109.02,99020.13,76149.18,13667.61,9203.34,102837.54
Roanoke,Weekly,1/31/2021 0:00,Conventional,0.87,251626.31,73298.33,35778.28,119.52,55637.06,44032.95,8837.44,2766.67,86793.12
Sacramento,Weekly,1/31/2021 0:00,Conventional,1.3,508360.28,124322.51,154319.15,2844.51,135569.63,118908.24,16584.72,76.67,91304.48
San Diego,Weekly,1/31/2021 0:00,Conventional,0.98,730492.77,107096.19,40441.35,11182.72,117968.32,104462.33,5181.94,8324.05,453804.19
San Francisco,Weekly,1/31/2021 0:00,Conventional,1.47,867901.98,145637.04,164743.85,5105.43,245217.76,240588.17,4572.92,56.67,307197.9
Seattle,Weekly,1/31/2021 0:00,Conventional,1.27,630770.7,93854.82,62976.9,167.44,72477.54,72460.87,0,16.67,401294
South Carolina,Weekly,1/31/2021 0:00,Conventional,0.91,664471.67,288131.85,52343.39,1885.12,178166.66,140072.8,38014.97,78.89,143944.65
South Central,Weekly,1/31/2021 0:00,Conventional,0.69,8767980.35,2769559.02,1047134.94,152013.75,2157373.06,1577431.76,532611.3,47330,2641899.58
Southeast,Weekly,1/31/2021 0:00,Conventional,0.84,7269613.33,3238958.44,274428.26,2828.81,1753041.25,1316540.39,424288.08,12212.78,2000356.57
Spokane,Weekly,1/31/2021 0:00,Conventional,1.05,107079.69,20881.94,9583.45,8.02,15944.11,15944.11,0,0,60662.17
St. Louis,Weekly,1/31/2021 0:00,Conventional,0.9,267201.4,106226.81,12734.98,35.71,81241.89,79579.2,1662.69,0,66962.01
Syracuse,Weekly,1/31/2021 0:00,Conventional,0.94,118644.34,8798.78,47090.76,579.19,56797.48,46226.78,9104.03,1466.67,5378.13
Tampa,Weekly,1/31/2021 0:00,Conventional,0.81,794200.66,330386.2,21830.02,20,211771.67,123714.1,88044.24,13.33,230192.77
Total U.S.,Weekly,1/31/2021 0:00,Conventional,0.9,52803329.9,13443872.2,9168383.11,560175.29,13376945.75,10292188.99,2835470.59,249286.17,16253953.55
West,Weekly,1/31/2021 0:00,Conventional,0.83,9107239.44,1898233.73,988518.89,25257.05,1705638.39,1389913.52,300338.2,15386.67,4489591.38
West Tex/New Mexico,Weekly,1/31/2021 0:00,Conventional,0.66,1301572.61,354048.51,140125.6,11354.32,428301.42,311700.28,116597.81,3.33,367742.76
Albany,Weekly,1/31/2021 0:00,Organic,1.19,7350.05,115.66,447,0,6547.71,1973.87,4573.84,0,239.68
Atlanta,Weekly,1/31/2021 0:00,Organic,1.36,45831.15,51.14,3165.88,0,21346.77,10194.09,11152.68,0,21267.36
Baltimore/Washington,Weekly,1/31/2021 0:00,Organic,1.19,101544.79,537.6,3894.23,12.99,94752.29,90425.1,4327.19,0,2347.68
Boise,Weekly,1/31/2021 0:00,Organic,1.52,7571.36,12.01,867.36,0,2987.18,1728.89,1258.29,0,3704.81
Boston,Weekly,1/31/2021 0:00,Organic,1.67,54669.91,73.72,2710.74,0,51481.21,46850.83,4630.38,0,404.24
Buffalo/Rochester,Weekly,1/31/2021 0:00,Organic,1.39,18638.35,905.79,145.94,0,17586.62,17586.62,0,0,0
California,Weekly,1/31/2021 0:00,Organic,1.56,388648.42,21774.65,24474.41,13.93,179456.51,125447.12,54009.39,0,162928.92
Charlotte,Weekly,1/31/2021 0:00,Organic,1.35,19840.64,116.57,3699.24,33.61,14547.89,14539.27,8.62,0,1443.33
Chicago,Weekly,1/31/2021 0:00,Organic,1.43,95379.04,702.6,6722.18,0,53428.24,12928.16,40500.08,0,34526.02
Cincinnati/Dayton,Weekly,1/31/2021 0:00,Organic,1.54,24312.18,567.19,2639.35,0,8197.85,2173.32,6024.53,0,12907.79
Columbus,Weekly,1/31/2021 0:00,Organic,1.39,15334.45,771.48,1052.84,0,7906.81,2848.07,5058.74,0,5603.32
Dallas/Ft. Worth,Weekly,1/31/2021 0:00,Organic,1.19,69484.39,3552.06,1973.49,300.16,39993.3,25165.8,14827.5,0,23665.38
Denver,Weekly,1/31/2021 0:00,Organic,1.14,68323.7,4487.38,834.58,0,34108.74,10845.56,23263.18,0,28893
Detroit,Weekly,1/31/2021 0:00,Organic,1.33,33739.17,480.99,2751.08,0,19301.06,4813.44,14487.62,0,11206.04
Grand Rapids,Weekly,1/31/2021 0:00,Organic,1.04,13086,43.88,1188.56,0,11853.56,11853.56,0,0,0
Great Lakes,Weekly,1/31/2021 0:00,Organic,1.35,313237.54,6313.06,22151.03,0,186540.15,89612.74,96822.41,105,98233.3
Harrisburg/Scranton,Weekly,1/31/2021 0:00,Organic,1.15,24695.43,280.82,538.69,0,23871.28,23764.56,106.72,0,4.64
Hartford/Springfield,Weekly,1/31/2021 0:00,Organic,1.81,24739.77,353.11,9312.54,4.23,15032.3,15032.3,0,0,37.59
Houston,Weekly,1/31/2021 0:00,Organic,1.16,33936.98,4811.3,500.4,0,14804.32,1104.44,13699.88,0,13820.96
Indianapolis,Weekly,1/31/2021 0:00,Organic,1.35,13875.43,184.99,1019.04,0,7951.44,3069.71,4881.73,0,4719.96
Jacksonville,Weekly,1/31/2021 0:00,Organic,0.99,6953.46,39.57,263.01,0,6565.16,3170.16,0,3395,85.72
Las Vegas,Weekly,1/31/2021 0:00,Organic,1.38,18191.29,872.92,394.94,0,8187.5,4322.23,3865.27,0,8735.93
Los Angeles,Weekly,1/31/2021 0:00,Organic,1.42,183353.07,8166.19,3003.52,3.13,75556.73,27941.12,47615.61,0,96623.5
Louisville,Weekly,1/31/2021 0:00,Organic,1.35,10329.96,6.69,742.4,0,5079.84,306.73,3857.28,915.83,4501.03
Miami/Ft. Lauderdale,Weekly,1/31/2021 0:00,Organic,0.93,22908.92,260.61,0,0,22648.31,21563.31,0,1085,0
Midsouth,Weekly,1/31/2021 0:00,Organic,1.2,356851.65,2645.37,26806.05,255.3,281575.05,214367.31,51656.07,15551.67,45569.88
Nashville,Weekly,1/31/2021 0:00,Organic,1.26,23772.81,37.36,1529.19,0,13538.48,1582.84,7568.97,4386.67,8667.78
New Orleans/Mobile,Weekly,1/31/2021 0:00,Organic,1.07,8944.2,131.73,97.39,0,7883.24,2942.91,4940.33,0,831.84
New York,Weekly,1/31/2021 0:00,Organic,1.61,127352.05,13538.86,9419.04,127.87,98528.14,98528.14,0,0,5738.14
Northeast,Weekly,1/31/2021 0:00,Organic,1.47,413239.06,21203.24,29365.12,115.58,347234.89,300971.11,46263.78,0,15320.23
Northern New England,Weekly,1/31/2021 0:00,Organic,1.25,63847.2,135.62,843.85,0,59441.69,26292.97,33148.72,0,3426.04
Orlando,Weekly,1/31/2021 0:00,Organic,0.94,14487.17,104.19,0,0,14382.98,10979.23,0,3403.75,0
Philadelphia,Weekly,1/31/2021 0:00,Organic,1.41,36714.76,1745.84,2627.14,0,28584.94,27560.35,1024.59,0,3756.84
Phoenix/Tucson,Weekly,1/31/2021 0:00,Organic,1.3,31799.39,2034.87,1140.14,0,15693.97,10042.22,5651.75,0,12930.41
Pittsburgh,Weekly,1/31/2021 0:00,Organic,1.31,16732.05,2531.01,5.06,0,12613.11,12607.48,5.63,0,1582.87
Plains,Weekly,1/31/2021 0:00,Organic,1.14,79796.11,5400.71,1870.06,14.86,60347.62,55564.56,4783.06,0,12162.86
Portland,Weekly,1/31/2021 0:00,Organic,1.55,54144.58,746.49,9041.51,0,15443.21,2434.85,13008.36,0,28913.37
Raleigh/Greensboro,Weekly,1/31/2021 0:00,Organic,1.34,26608.01,823.39,3959.06,110.52,20585.28,20585.28,0,0,1129.76
Richmond/Norfolk,Weekly,1/31/2021 0:00,Organic,0.95,37222.41,13.35,1689.79,3.81,32728.78,25534.3,7194.48,0,2786.68
Roanoke,Weekly,1/31/2021 0:00,Organic,1.1,21910.63,3.41,1566.43,0,15823.99,9139.18,5888.56,796.25,4516.8
Sacramento,Weekly,1/31/2021 0:00,Organic,1.7,22159.18,3296.69,3019.67,0,12398.5,12398.5,0,0,3444.32
San Diego,Weekly,1/31/2021 0:00,Organic,1.34,36761.25,1362.96,1434.95,0,12311.76,7215.56,5096.2,0,21651.58
San Francisco,Weekly,1/31/2021 0:00,Organic,1.88,75422.74,3070.16,7181.37,5.95,44917.86,44917.86,0,0,20247.4
Seattle,Weekly,1/31/2021 0:00,Organic,1.68,89473.19,1777.79,11023.88,0,13046.73,2582.23,10464.5,0,63624.79
South Carolina,Weekly,1/31/2021 0:00,Organic,1.31,31196.94,525.09,3150.01,51.32,22226.37,18633.89,2554.15,1038.33,5244.15
South Central,Weekly,1/31/2021 0:00,Organic,1.19,250010.63,14245.46,7100.59,3255.58,145083.17,84883.07,60200.1,0,80325.83
Southeast,Weekly,1/31/2021 0:00,Organic,1.15,202838.82,1334.67,8899.99,46.68,156388.78,116169.68,23877.02,16342.08,36168.7
Spokane,Weekly,1/31/2021 0:00,Organic,1.48,15139.61,172.45,1225.19,0,3172.19,1051.11,2121.08,0,10569.78
St. Louis,Weekly,1/31/2021 0:00,Organic,1.79,7220.56,777.98,1038.09,0,3692.29,3692.29,0,0,1712.2
Syracuse,Weekly,1/31/2021 0:00,Organic,1.31,6236.08,271.3,161.22,0,5700.55,4227.15,1473.4,0,103.01
Tampa,Weekly,1/31/2021 0:00,Organic,0.92,16726.8,90.09,0,0,16636.71,16636.71,0,0,0
Total U.S.,Weekly,1/31/2021 0:00,Organic,1.36,2469333.61,90093.48,154143.81,4521.18,1526375.96,1063890.05,430487.16,31998.75,694199.18
West,Weekly,1/31/2021 0:00,Organic,1.42,464711.41,17176.33,33476.55,819.25,169749.83,76874.48,92875.35,0,243489.45
West Tex/New Mexico,Weekly,1/31/2021 0:00,Organic,1.29,33863.93,630.27,875.37,1943.27,21025.04,18114.44,2910.6,0,9389.98
Albany,Weekly,2/7/2021 0:00,Conventional,0.86,229410.99,9455.25,189234.75,31.76,26302.2,23124.39,1267.81,1910,4387.03
Atlanta,Weekly,2/7/2021 0:00,Conventional,0.8,1068814.4,410628.52,55151.35,41.45,210413.86,207746.56,2650.63,16.67,392579.22
Baltimore/Washington,Weekly,2/7/2021 0:00,Conventional,0.99,1354009.34,319485.17,365154.94,4011.53,558641.82,419056.6,116985.22,22600,106715.88
Boise,Weekly,2/7/2021 0:00,Conventional,0.84,165610.63,41376.05,10992,1097.42,34574.68,22439,12125.68,10,77570.48
Boston,Weekly,2/7/2021 0:00,Conventional,1.1,1078359.87,19761.59,560105.66,210.32,266033.67,258347.08,1376.59,6310,232248.63
Buffalo/Rochester,Weekly,2/7/2021 0:00,Conventional,0.94,277803.84,44030.22,73280.31,2532.08,152499.6,136613.67,11405.93,4480,5461.63
California,Weekly,2/7/2021 0:00,Conventional,0.9,10717074.91,1919862.01,1083956.99,344273.61,2476064.92,2208824.94,205425.7,61814.28,4892917.38
Charlotte,Weekly,2/7/2021 0:00,Conventional,0.82,554936.64,236146.25,70377.55,4472.04,216421.57,193648.37,22763.2,10,27519.23
Chicago,Weekly,2/7/2021 0:00,Conventional,0.78,1411982.67,207691.55,264204.11,40762.53,226386.82,224106.62,2235.81,44.39,672937.66
Cincinnati/Dayton,Weekly,2/7/2021 0:00,Conventional,0.76,417196.71,73827.47,85798.08,756.05,31879.21,30477.81,1396.67,4.73,224935.9
Columbus,Weekly,2/7/2021 0:00,Conventional,0.74,329166.85,62983.49,63736.52,293.12,42958.01,39478.68,3405.56,73.77,159195.71
Dallas/Ft. Worth,Weekly,2/7/2021 0:00,Conventional,0.65,2212235.68,678779,246385.56,33058.14,617485.15,409906.23,207112.25,466.67,636527.83
Denver,Weekly,2/7/2021 0:00,Conventional,0.84,1463337.54,266104.72,147939.95,2739.81,303672.01,277390.41,26234.93,46.67,742881.05
Detroit,Weekly,2/7/2021 0:00,Conventional,0.72,765464.41,142361.04,124232.98,135464.11,85856.36,84437.38,1301.11,117.87,277549.92
Grand Rapids,Weekly,2/7/2021 0:00,Conventional,0.8,357430.5,41860.82,114072,136087.84,26261.84,25722.03,488.89,50.92,39148
Great Lakes,Weekly,2/7/2021 0:00,Conventional,0.74,6483321.52,1198802.72,1376853.87,529994.55,901726.01,863667.73,37474.21,584.07,2475944.37
Harrisburg/Scranton,Weekly,2/7/2021 0:00,Conventional,0.92,506335.56,186078.23,133075.31,161.73,172150.47,158030.27,3030.2,11090,14869.82
Hartford/Springfield,Weekly,2/7/2021 0:00,Conventional,1.05,571341.33,12762.32,428160.88,304.25,121220.72,112795.4,3588.65,4836.67,8893.16
Houston,Weekly,2/7/2021 0:00,Conventional,0.64,1893503.58,603931.56,276437.91,2885.5,259433.05,203297.12,38845.93,17290,750815.56
Indianapolis,Weekly,2/7/2021 0:00,Conventional,0.71,353952.8,71660.31,104486.26,917.76,56068,55957.82,88.88,21.3,120820.47
Jacksonville,Weekly,2/7/2021 0:00,Conventional,0.83,345050.98,172788.77,17530.94,147.42,70862.71,40505.8,30353.58,3.33,83721.14
Las Vegas,Weekly,2/7/2021 0:00,Conventional,0.81,570301.99,78386.86,51399.22,2739.3,152712.49,109083.95,43621.87,6.67,285064.12
Los Angeles,Weekly,2/7/2021 0:00,Conventional,0.85,5190070.5,875701.78,71328.11,275621.41,1228915.93,1023311.9,155611.8,49992.23,2738503.27
Louisville,Weekly,2/7/2021 0:00,Conventional,0.75,170574.94,26252.13,27686.36,69.12,31894.44,31471.11,423.33,0,84672.89
Miami/Ft. Lauderdale,Weekly,2/7/2021 0:00,Conventional,0.84,1479308.35,804699.82,64342.25,86.47,290679.07,214401.9,76240.5,36.67,319500.74
Midsouth,Weekly,2/7/2021 0:00,Conventional,0.83,6020118.84,2067761.73,1019581.35,17759.57,1855587.56,1503588.35,297865.87,54133.34,1059428.63
Nashville,Weekly,2/7/2021 0:00,Conventional,0.81,384625,133913.82,24566.7,219.98,78972.04,76188.01,2776.81,7.22,146952.46
New Orleans/Mobile,Weekly,2/7/2021 0:00,Conventional,0.64,526925.81,197770.94,36680.36,348.12,194237.71,134289.6,46164.77,13783.34,97888.68
New York,Weekly,2/7/2021 0:00,Conventional,0.98,3054228.07,84442.07,1844678.76,896.92,1004176.86,751950.39,239749.8,12476.67,120033.46
Northeast,Weekly,2/7/2021 0:00,Conventional,0.96,8604427.53,713142.99,4699081.69,9146.62,2482338.57,2035097.21,377861.36,69380,700717.66
Northern New England,Weekly,2/7/2021 0:00,Conventional,0.82,974191.67,18179.77,738055.62,131.82,98752.45,92307.62,354.83,6090,119072.01
Orlando,Weekly,2/7/2021 0:00,Conventional,0.81,837895.73,373214.15,26406.69,25.93,225219.49,135577.2,89631.73,10.56,213029.47
Philadelphia,Weekly,2/7/2021 0:00,Conventional,0.91,859681.01,146896.06,315455.64,355.31,316013.5,212418.39,95095.11,8500,80960.5
Phoenix/Tucson,Weekly,2/7/2021 0:00,Conventional,0.61,1813780.23,469869.28,288545.75,6899.76,211962.24,186613.9,25325,23.34,836503.2
Pittsburgh,Weekly,2/7/2021 0:00,Conventional,0.89,213347.13,55465.74,15574.09,41.37,51834.65,50405.76,438.89,990,90431.28
Plains,Weekly,2/7/2021 0:00,Conventional,0.75,3540548.29,1439304.89,719947.45,996.15,811904.01,633312.7,176324.64,2266.67,568395.79
Portland,Weekly,2/7/2021 0:00,Conventional,0.85,960350.05,127456.48,104076.63,5689.81,91479.58,46103.28,43222.97,2153.33,631647.55
Raleigh/Greensboro,Weekly,2/7/2021 0:00,Conventional,0.77,722468.33,322635.35,104232.34,4582.5,266180.04,231570.8,34585.91,23.33,24838.1
Richmond/Norfolk,Weekly,2/7/2021 0:00,Conventional,0.77,490764.31,163117.7,91457.29,968.26,124301.57,94636.11,18545.46,11120,110919.49
Roanoke,Weekly,2/7/2021 0:00,Conventional,0.78,291862.32,100326.28,39143.18,68.11,56248.56,44621.02,8857.54,2770,96076.19
Sacramento,Weekly,2/7/2021 0:00,Conventional,0.96,793719.33,174625.93,277523.53,5788.89,139833.19,123935.41,15877.78,20,195947.79
San Diego,Weekly,2/7/2021 0:00,Conventional,0.92,993245.14,136188.73,37101,30565.43,333743.47,319993.4,5275.7,8474.37,455646.51
San Francisco,Weekly,2/7/2021 0:00,Conventional,0.92,1502725.1,232023.93,279541.62,9327.79,250193.9,244556.96,5623.61,13.33,731637.86
Seattle,Weekly,2/7/2021 0:00,Conventional,1.03,795162.13,89324,106944.39,182.71,76065.32,74593.65,0,1471.67,522645.71
South Carolina,Weekly,2/7/2021 0:00,Conventional,0.83,784988.17,339391.01,67283.75,1577.56,218820.92,178677.68,40113.24,30,157914.93
South Central,Weekly,2/7/2021 0:00,Conventional,0.64,10523254.53,3449205,1279682.58,333371.25,2532616.87,1656144.29,814017.59,62454.99,2928378.83
Southeast,Weekly,2/7/2021 0:00,Conventional,0.8,8208382.56,3713861.01,382382.35,2437.62,1850690.44,1373462.55,465669.56,11558.33,2259011.14
Spokane,Weekly,2/7/2021 0:00,Conventional,0.89,148502.99,20563.41,17388.4,80.75,17235.36,16429.66,15.7,790,93235.07
St. Louis,Weekly,2/7/2021 0:00,Conventional,0.72,377034.96,179777.98,14056.61,76.28,90671.08,89858.4,812.68,0,92453.01
Syracuse,Weekly,2/7/2021 0:00,Conventional,0.91,147664.68,16497.98,72915.29,542.73,54257.44,49109,3091.77,2056.67,3451.24
Tampa,Weekly,2/7/2021 0:00,Conventional,0.78,917261.75,374727.93,35220.4,12.33,222426.63,125735.38,96674.58,16.67,284874.46
Total U.S.,Weekly,2/7/2021 0:00,Conventional,0.81,64694488.31,16634568.43,11860269.41,1272487.08,14737223.4,11779408.97,2665911.08,291903.35,20189939.99
West,Weekly,2/7/2021 0:00,Conventional,0.79,10597360.03,2132628.08,1298783.13,34507.71,1826294.91,1505311.1,291272.15,29711.66,5305146.2
West Tex/New Mexico,Weekly,2/7/2021 0:00,Conventional,0.6,1565685.26,454451.5,242691.09,23001.75,464127.62,325597.3,138496.99,33.33,381413.3
Albany,Weekly,2/7/2021 0:00,Organic,1.29,4305.59,59.91,597.75,0,3462.92,2193.14,1269.78,0,185.01
Atlanta,Weekly,2/7/2021 0:00,Organic,1.4,45076.51,67.2,3183.71,0,21187.04,9515.16,11671.88,0,20638.56
Baltimore/Washington,Weekly,2/7/2021 0:00,Organic,1.15,106165.35,641.37,4061.19,11.63,99009.01,94843.98,4165.03,0,2442.15
Boise,Weekly,2/7/2021 0:00,Organic,1.2,11486.81,14.7,1109.12,0,2996.29,1568.89,1427.4,0,7366.7
Boston,Weekly,2/7/2021 0:00,Organic,1.5,68875.81,276.89,2725.34,0,65605.68,63949.17,1656.51,0,267.9
Buffalo/Rochester,Weekly,2/7/2021 0:00,Organic,1.4,21794.13,1147,141.25,0,20505.88,20505.88,0,0,0
California,Weekly,2/7/2021 0:00,Organic,1.68,390051.91,19605.16,27108.04,17.12,175260.68,122984.14,52276.54,0,168060.91
Charlotte,Weekly,2/7/2021 0:00,Organic,1.31,18641.88,89.08,3424.65,44.04,13472.24,13467.92,4.32,0,1611.87
Chicago,Weekly,2/7/2021 0:00,Organic,1.17,150860.82,1608.12,18479.37,0,31041.17,13097.37,17943.8,0,99732.16
Cincinnati/Dayton,Weekly,2/7/2021 0:00,Organic,1.38,24751.6,467.86,2913.02,0,8171.33,2354.47,5816.86,0,13199.39
Columbus,Weekly,2/7/2021 0:00,Organic,1.32,14929.85,806.47,1134.28,0,6871.17,2583.33,4287.84,0,6117.93
Dallas/Ft. Worth,Weekly,2/7/2021 0:00,Organic,1.14,64007.38,3419.05,801.82,298.74,42707.69,25365.11,17342.58,0,16780.08
Denver,Weekly,2/7/2021 0:00,Organic,1.04,74660.26,5450.85,1124.47,0,34115.79,11384.71,22731.08,0,33969.15
Detroit,Weekly,2/7/2021 0:00,Organic,1.24,30844.76,436.09,2777.9,0,15837.75,6211.32,9626.43,0,11793.02
Grand Rapids,Weekly,2/7/2021 0:00,Organic,1.07,9910.88,24.34,1098.06,0,8788.48,8779,9.48,0,0
Great Lakes,Weekly,2/7/2021 0:00,Organic,1.22,357355.62,7709.55,34597.29,0,148235.63,83671.51,64429.95,134.17,166813.15
Harrisburg/Scranton,Weekly,2/7/2021 0:00,Organic,1.17,24589.14,308.34,593.17,0,23667.56,23533.27,134.29,0,20.07
Hartford/Springfield,Weekly,2/7/2021 0:00,Organic,1.59,33859.81,446.3,8529.86,0,24773.87,24773.87,0,0,109.78
Houston,Weekly,2/7/2021 0:00,Organic,1.16,31911.76,4148.38,116.09,0,14252,1005.55,13246.45,0,13395.29
Indianapolis,Weekly,2/7/2021 0:00,Organic,1.25,12677.15,103.7,950.74,0,7132.45,2574.67,4557.78,0,4490.26
Jacksonville,Weekly,2/7/2021 0:00,Organic,0.86,8071.44,44.24,245.51,0,7656.39,4325.56,0,3330.83,125.3
Las Vegas,Weekly,2/7/2021 0:00,Organic,1.36,18246.15,730.95,405.27,0,8430.27,4634.44,3795.83,0,8679.66
Los Angeles,Weekly,2/7/2021 0:00,Organic,1.6,185056.44,7084.18,2862.26,7.87,75286.93,28796.66,46490.27,0,99815.2
Louisville,Weekly,2/7/2021 0:00,Organic,1.38,10661.41,3,843.35,0,5269.62,248.05,3834.49,1187.08,4545.44
Miami/Ft. Lauderdale,Weekly,2/7/2021 0:00,Organic,0.88,26393.89,560.31,9.26,0,25824.32,24380.57,0,1443.75,0
Midsouth,Weekly,2/7/2021 0:00,Organic,1.18,371672,2437.76,27144.26,151.37,290660.76,225860.54,48802.3,15997.92,51277.85
Nashville,Weekly,2/7/2021 0:00,Organic,1.29,25055.84,23.07,1715.93,0,14074.29,1669.93,8011.86,4392.5,9242.55
New Orleans/Mobile,Weekly,2/7/2021 0:00,Organic,0.85,12586.51,74.37,43.06,0,11269.49,3074.03,8195.46,0,1199.59
New York,Weekly,2/7/2021 0:00,Organic,1.48,163597.61,12075.24,8789.79,839.54,135986.49,135983.16,3.33,0,5906.55
Northeast,Weekly,2/7/2021 0:00,Organic,1.42,455808.24,20977.05,28302.78,728.85,389428.15,371955.94,17472.21,0,16371.41
Northern New England,Weekly,2/7/2021 0:00,Organic,1.34,34073.8,77.7,815.93,0,29652.78,15572.9,14079.88,0,3527.39
Orlando,Weekly,2/7/2021 0:00,Organic,0.86,17438.5,108.11,0,0,17330.39,12477.06,0,4853.33,0
Philadelphia,Weekly,2/7/2021 0:00,Organic,1.28,46746.56,1842.69,2624.03,0,37801.3,36982.21,819.09,0,4478.54
Phoenix/Tucson,Weekly,2/7/2021 0:00,Organic,1.27,36190.91,3180.58,1424.23,0,17924.27,11400,6524.27,0,13661.83
Pittsburgh,Weekly,2/7/2021 0:00,Organic,1.31,16011.97,2899.47,3.37,0,11913.25,11896.38,16.87,0,1195.88
Plains,Weekly,2/7/2021 0:00,Organic,1.11,85386.7,5353.22,2268.82,6.39,64834.17,58727.18,6106.99,0,12924.1
Portland,Weekly,2/7/2021 0:00,Organic,1.41,69217.11,657.73,10839.33,0,16600.48,2511.96,14088.52,0,41119.57
Raleigh/Greensboro,Weekly,2/7/2021 0:00,Organic,1.28,28037.75,614.57,3948.95,47.95,21788.4,21780.2,8.2,0,1637.88
Richmond/Norfolk,Weekly,2/7/2021 0:00,Organic,0.95,38550.01,13,1805.49,1.27,32965.65,27554.57,5411.08,0,3764.6
Roanoke,Weekly,2/7/2021 0:00,Organic,1.07,21264.33,16.98,1497.05,0,15508.72,9558.95,5109.77,840,4241.58
Sacramento,Weekly,2/7/2021 0:00,Organic,1.68,22857.18,3185.65,3713.47,4.03,12339.44,12339.44,0,0,3614.59
San Diego,Weekly,2/7/2021 0:00,Organic,1.83,34818.12,1095.22,1245.05,0,12246.07,7567.78,4678.29,0,20231.78
San Francisco,Weekly,2/7/2021 0:00,Organic,1.76,77032.97,2813.75,8267.23,1.5,41325.01,41325.01,0,0,24625.48
Seattle,Weekly,2/7/2021 0:00,Organic,1.23,136376.65,1321.84,19590.69,11.98,13315.16,2861.11,10454.05,0,102136.98
South Carolina,Weekly,2/7/2021 0:00,Organic,1.29,29551.02,432.44,2746.22,25.81,20652.03,16730.87,2614.49,1306.67,5694.52
South Central,Weekly,2/7/2021 0:00,Organic,1.16,247373.04,13334.56,4141.83,3444.66,153487.32,86821.69,66665.63,0,72964.67
Southeast,Weekly,2/7/2021 0:00,Organic,1.07,225048.24,1681.57,8577.69,23.4,178259.04,131533.6,27560.02,19165.42,36506.54
Spokane,Weekly,2/7/2021 0:00,Organic,1.56,8779.49,167.52,878.18,0,3095.03,1004.44,2090.59,0,4638.76
St. Louis,Weekly,2/7/2021 0:00,Organic,1.74,7400.73,795.63,996.3,0,3879.3,3879.3,0,0,1729.5
Syracuse,Weekly,2/7/2021 0:00,Organic,1.38,5651.71,238.07,199.94,0,5137.66,4837.97,299.69,0,76.04
Tampa,Weekly,2/7/2021 0:00,Organic,0.76,21523.07,103.5,0,0,21419.57,21419.57,0,0,0
Total U.S.,Weekly,2/7/2021 0:00,Organic,1.3,2674034.24,91204.2,177165.83,5416.06,1577838.73,1162584.03,379957.2,35297.5,822409.42
West,Weekly,2/7/2021 0:00,Organic,1.26,541338.48,20105.33,45025.12,1044.27,177672.96,81029.42,96643.54,0,297490.8
West Tex/New Mexico,Weekly,2/7/2021 0:00,Organic,1.21,39494.98,1438.19,907.74,2404.11,21609.24,18456.67,3152.57,0,13135.7
Albany,Weekly,2/14/2021 0:00,Conventional,0.95,157092.62,8373.52,116251.75,24,25265.77,22055.64,1293.46,1916.67,7177.58
Atlanta,Weekly,2/14/2021 0:00,Conventional,0.8,904089.45,311510.73,46100.82,34.73,214874.93,210207.47,4650.79,16.67,331568.24
Baltimore/Washington,Weekly,2/14/2021 0:00,Conventional,0.98,1291703.64,298938.86,353915.3,3560.77,493622.72,418468.47,55570.92,19583.33,141665.99
Boise,Weekly,2/14/2021 0:00,Conventional,0.96,137784.96,39721.3,9154.67,1036.74,34012.53,20441.22,13557.98,13.33,53859.72
Boston,Weekly,2/14/2021 0:00,Conventional,1.01,1178526.59,21315.36,520639.25,129.37,229243.32,221024.45,1445.54,6773.33,407199.29
Buffalo/Rochester,Weekly,2/14/2021 0:00,Conventional,0.95,237401.56,21907.09,63455.53,2567.32,143432.5,120222.82,18943.02,4266.66,6039.12
California,Weekly,2/14/2021 0:00,Conventional,1.1,7029008.6,1418081.26,758144.73,326458.78,1520281.78,1296731.32,171202.08,52348.38,3006042.05
Charlotte,Weekly,2/14/2021 0:00,Conventional,0.97,370445.48,162500.24,44168.64,4221.07,138197.99,118866.65,19314.67,16.67,21357.54
Chicago,Weekly,2/14/2021 0:00,Conventional,1.05,939245.49,135921.86,146580.55,35226.48,210568.1,207741.49,2789.94,36.67,410948.5
Cincinnati/Dayton,Weekly,2/14/2021 0:00,Conventional,0.84,361510.61,68548.61,66813.49,483.11,35259.3,33920.41,1338.89,0,190406.1
Columbus,Weekly,2/14/2021 0:00,Conventional,0.81,270364.9,51725.02,48748.68,192.41,46343.83,41744.96,4594.44,4.43,123354.96
Dallas/Ft. Worth,Weekly,2/14/2021 0:00,Conventional,0.68,2092225.95,740596.26,255441.12,15708.45,528399.98,431220.14,96629.84,550,552080.14
Denver,Weekly,2/14/2021 0:00,Conventional,0.85,1199986.44,241007.84,134840.4,2882.21,287991.98,261830.19,26118.46,43.33,533264.01
Detroit,Weekly,2/14/2021 0:00,Conventional,0.87,533296.94,93637.35,82084.49,58880.13,84734.84,83668.98,945.56,120.3,213960.13
Grand Rapids,Weekly,2/14/2021 0:00,Conventional,1.11,203743.87,18147.52,70338.1,67068.78,25921.59,25560.51,311.11,49.97,22267.88
Great Lakes,Weekly,2/14/2021 0:00,Conventional,0.88,4737720.89,855006.14,939497.25,270160.21,881758.83,842516.17,38640.42,602.24,1791298.46
Harrisburg/Scranton,Weekly,2/14/2021 0:00,Conventional,0.93,523517.03,211542.04,130623.14,122.56,166646.42,150402.54,5210.55,11033.33,14582.87
Hartford/Springfield,Weekly,2/14/2021 0:00,Conventional,1.2,483932.11,11646.01,350506.24,256.88,109136.9,99038.16,4175.41,5923.33,12386.08
Houston,Weekly,2/14/2021 0:00,Conventional,0.63,1808989.11,582726.68,287057.22,4390.33,258256.89,211037.2,27889.69,19330,676557.99
Indianapolis,Weekly,2/14/2021 0:00,Conventional,0.77,276412.06,56645.86,69894.57,416.23,56666.32,56530.19,48.88,87.25,92789.08
Jacksonville,Weekly,2/14/2021 0:00,Conventional,0.87,275685.28,138547.54,10171.53,75.02,70232.41,39688.84,30533.57,10,56658.78
Las Vegas,Weekly,2/14/2021 0:00,Conventional,0.81,507395.96,78143.53,44253.09,1156.75,153259.35,126684.7,26554.65,20,230583.24
Los Angeles,Weekly,2/14/2021 0:00,Conventional,1.07,3473995.12,536058.14,54843.43,265741.7,742366.86,567892.48,131717.36,42757.02,1874984.99
Louisville,Weekly,2/14/2021 0:00,Conventional,0.85,155066.58,24472.71,23459.61,49.11,30287.67,29749.77,533.33,4.57,76797.48
Miami/Ft. Lauderdale,Weekly,2/14/2021 0:00,Conventional,0.85,1256756.43,604878.88,48603.96,167.58,281867.33,215388.84,66458.49,20,321238.68
Midsouth,Weekly,2/14/2021 0:00,Conventional,0.92,4972535.93,1535962.56,888063.86,16901.73,1523646.28,1256548.23,215769.41,51328.64,1007961.5
Nashville,Weekly,2/14/2021 0:00,Conventional,0.83,345275.21,110684.45,24118.92,18.4,78522.34,76066.02,2456.32,0,131931.1
New Orleans/Mobile,Weekly,2/14/2021 0:00,Conventional,0.72,394805.56,158409.76,20777.27,348.98,149715.05,121665.72,14575.99,13473.34,65554.5
New York,Weekly,2/14/2021 0:00,Conventional,0.98,2902173.34,72964.24,1641054.31,1342.19,1060675.85,785603.78,261788.74,13283.33,126136.75
Northeast,Weekly,2/14/2021 0:00,Conventional,0.98,8079008.49,688116.83,3931636.91,8986.75,2531145.64,2035873.28,422975.69,72296.67,919122.36
Northern New England,Weekly,2/14/2021 0:00,Conventional,0.92,842223.86,15616.34,512359.86,111.73,99323.55,92060.22,120,7143.33,214812.38
Orlando,Weekly,2/14/2021 0:00,Conventional,0.83,712919.84,300988.88,15657.65,83.61,218857.3,134385.84,84428.13,43.33,177332.4
Philadelphia,Weekly,2/14/2021 0:00,Conventional,0.86,905649.16,169055.25,281709.22,201.08,378271.84,269833.21,100128.63,8310,76411.77
Phoenix/Tucson,Weekly,2/14/2021 0:00,Conventional,0.65,1590366.75,333084.45,277967.03,5017.48,199238.82,186329.16,12829.66,80,775058.97
Pittsburgh,Weekly,2/14/2021 0:00,Conventional,1.08,141801.45,35437.52,13038.79,9.74,52934.06,51691.84,312.22,930,40381.34
Plains,Weekly,2/14/2021 0:00,Conventional,0.84,2623977.04,965549.97,488038.52,784.92,709791.92,533523.89,164716.37,11551.66,459811.71
Portland,Weekly,2/14/2021 0:00,Conventional,1,800343.1,110265.84,96897.6,4930.19,90926.83,43834.01,37144.49,9948.33,497322.64
Raleigh/Greensboro,Weekly,2/14/2021 0:00,Conventional,0.97,483910.21,214917.42,67887.27,4648.08,170738.88,136926.96,33805.25,6.67,25718.56
Richmond/Norfolk,Weekly,2/14/2021 0:00,Conventional,0.92,370188.51,95563.54,85859.19,930.88,88099.41,64150.22,13709.19,10240,99735.49
Roanoke,Weekly,2/14/2021 0:00,Conventional,0.9,233623.82,64267.58,35741.5,67.22,51610.94,40696.93,7980.68,2933.33,81936.58
Sacramento,Weekly,2/14/2021 0:00,Conventional,0.99,558245.6,156983.26,200072.28,4383.24,114805.36,98882.17,15879.86,43.33,82001.46
San Diego,Weekly,2/14/2021 0:00,Conventional,1.14,641874.22,94884.44,28408.39,27023.98,127171.34,116650.84,3565.98,6954.52,364386.07
San Francisco,Weekly,2/14/2021 0:00,Conventional,1.32,819442.11,194853.63,165067.49,8442.8,201658.44,199909.97,1728.47,20,249419.75
Seattle,Weekly,2/14/2021 0:00,Conventional,1.15,700641.27,90187.59,91133.62,138.42,86460.1,77704.34,20.76,8735,432721.54
South Carolina,Weekly,2/14/2021 0:00,Conventional,0.89,615440.61,273372.65,45447.36,1724.06,174279.04,137168.11,37070.93,40,120617.5
South Central,Weekly,2/14/2021 0:00,Conventional,0.68,9448680.23,3205462.24,1138210.55,185486.86,2316813.66,1698690.02,488603.65,129519.99,2602706.92
Southeast,Weekly,2/14/2021 0:00,Conventional,0.82,6729407.97,2919683.76,265462.64,2541.17,1740666.95,1316442.8,411271.92,12952.23,1801053.45
Spokane,Weekly,2/14/2021 0:00,Conventional,0.97,116975.42,21133.08,12737.62,90.21,19477.68,16419.35,0,3058.33,63536.83
St. Louis,Weekly,2/14/2021 0:00,Conventional,0.72,270808.37,121871.33,12257.94,37.49,73682.82,72397.92,1281.57,3.33,62958.79
Syracuse,Weekly,2/14/2021 0:00,Conventional,0.97,111604.26,10560.65,48785.74,440.76,46958.54,40272.22,4626.32,2060,4858.57
Tampa,Weekly,2/14/2021 0:00,Conventional,0.78,711284.48,301442.05,20535,13,205432.31,123534.77,81890.87,6.67,183862.12
Total U.S.,Weekly,2/14/2021 0:00,Conventional,0.88,52631190.59,13467596.03,9528025.22,836373.17,13011662.43,10452019.03,2155005.24,404638.16,15787533.74
West,Weekly,2/14/2021 0:00,Conventional,0.84,9010851.45,1879733.27,1118970.75,25052.74,1787557.38,1471693.34,241825.71,74038.33,4199537.31
West Tex/New Mexico,Weekly,2/14/2021 0:00,Conventional,0.66,1339312.56,451412.84,128198.3,9562.84,431099.98,316359.3,114694.02,46.66,319038.6
Albany,Weekly,2/14/2021 0:00,Organic,1.26,3809.57,53.49,343.66,0,3227.48,2018.08,1209.4,0,184.94
Atlanta,Weekly,2/14/2021 0:00,Organic,1.39,43690.01,76.55,2892.86,0,21130.12,9567.38,11562.74,0,19590.48
Baltimore/Washington,Weekly,2/14/2021 0:00,Organic,1.14,99296.28,500.55,4144.13,0,92288.06,88898.03,3390.03,0,2363.54
Boise,Weekly,2/14/2021 0:00,Organic,1.47,8335.78,15.03,768.66,0,2916.96,1648.89,1268.07,0,4635.13
Boston,Weekly,2/14/2021 0:00,Organic,1.63,53620.07,138.69,2454.28,0,50758.51,49110.01,1648.5,0,268.59
Buffalo/Rochester,Weekly,2/14/2021 0:00,Organic,1.41,16801.62,897.81,98.04,0,15805.77,15805.77,0,0,0
California,Weekly,2/14/2021 0:00,Organic,1.71,380726.15,22298.92,26146.01,18.73,177902.5,125479.01,52423.49,0,154359.99
Charlotte,Weekly,2/14/2021 0:00,Organic,1.38,20987.1,62.87,4098.38,46.53,14675.49,14675.49,0,0,2103.83
Chicago,Weekly,2/14/2021 0:00,Organic,1.18,106275.52,957.94,16934.06,0,24767.05,11993.92,12773.13,0,63616.47
Cincinnati/Dayton,Weekly,2/14/2021 0:00,Organic,1.45,26116.29,596.98,3140.26,0,7609.24,2254.39,5354.85,0,14769.81
Columbus,Weekly,2/14/2021 0:00,Organic,1.3,16092.32,763.77,1022.91,0,8371.91,2966.55,5405.36,0,5933.73
Dallas/Ft. Worth,Weekly,2/14/2021 0:00,Organic,1.16,107191.74,4449.36,2045.15,517.26,51368.07,27069.68,24298.39,0,48811.9
Denver,Weekly,2/14/2021 0:00,Organic,1.11,63905.51,4537.66,829.62,0,30816.53,11612.22,19204.31,0,27721.7
Detroit,Weekly,2/14/2021 0:00,Organic,1.27,28230.83,240.92,2480.99,0,15838.56,6244.44,9594.12,0,9670.36
Grand Rapids,Weekly,2/14/2021 0:00,Organic,1.06,10313.98,29.98,885.24,0,9398.76,8827.64,571.12,0,0
Great Lakes,Weekly,2/14/2021 0:00,Organic,1.24,310950.57,6237.1,33879.08,0,146250.2,84386.75,61732.2,131.25,124584.19
Harrisburg/Scranton,Weekly,2/14/2021 0:00,Organic,1.16,24818.32,898.04,682.96,0,23234.23,23162.66,71.57,0,3.09
Hartford/Springfield,Weekly,2/14/2021 0:00,Organic,1.77,24863.98,282.56,9159.14,0,15390.84,15390.84,0,0,31.44
Houston,Weekly,2/14/2021 0:00,Organic,1.18,48879.38,4982.78,391.65,0,19461.42,1497.78,17963.64,0,24043.53
Indianapolis,Weekly,2/14/2021 0:00,Organic,1.26,14383.07,209.42,1043.68,0,8570.91,3673.9,4897.01,0,4559.06
Jacksonville,Weekly,2/14/2021 0:00,Organic,1,6448.51,62.84,245.53,0,6006.36,2637.61,0,3368.75,133.78
Las Vegas,Weekly,2/14/2021 0:00,Organic,1.36,18986.46,725.21,343.78,0,8781.83,4658.89,4122.94,0,9135.64
Los Angeles,Weekly,2/14/2021 0:00,Organic,1.62,172982.1,6394.22,3674.8,12.63,72858.11,26926.66,45931.45,0,90042.34
Louisville,Weekly,2/14/2021 0:00,Organic,1.33,10524.76,4.7,702.41,0,5654.32,315.25,4259.9,1079.17,4163.33
Miami/Ft. Lauderdale,Weekly,2/14/2021 0:00,Organic,0.96,21945.34,450.77,1.33,0,21493.24,19967.82,0,1525.42,0
Midsouth,Weekly,2/14/2021 0:00,Organic,1.2,350144.76,2515.88,27495.04,170.66,273229.32,214671.64,43318.5,15239.18,46733.86
Nashville,Weekly,2/14/2021 0:00,Organic,1.28,22619.59,44.08,1405.59,0,13243.57,1832.36,7406.63,4004.58,7926.35
New Orleans/Mobile,Weekly,2/14/2021 0:00,Organic,1.14,11789.73,79.55,260.49,0,6876.61,2933.48,3943.13,0,4573.08
New York,Weekly,2/14/2021 0:00,Organic,1.52,121411.34,10871.83,8768.79,723.81,97308.3,97308.3,0,0,3738.61
Northeast,Weekly,2/14/2021 0:00,Organic,1.47,368777.13,19325.61,29497.27,628.1,306704.21,289367.01,17337.2,0,12621.94
Northern New England,Weekly,2/14/2021 0:00,Organic,1.41,33393.28,87.09,740.72,0,29185.92,15552.44,13633.48,0,3379.55
Orlando,Weekly,2/14/2021 0:00,Organic,0.96,15901.87,93.58,0,0,15808.29,10552.46,0,5255.83,0
Philadelphia,Weekly,2/14/2021 0:00,Organic,1.35,36550.7,1844.49,3468.32,0,27862.59,27034.11,828.48,0,3375.3
Phoenix/Tucson,Weekly,2/14/2021 0:00,Organic,1.28,32143.14,4181.88,2321.55,0,17454.59,10145.56,7309.03,0,8185.12
Pittsburgh,Weekly,2/14/2021 0:00,Organic,1.3,15323.42,2271.23,5.05,0,11704.78,11693.55,11.23,0,1342.36
Plains,Weekly,2/14/2021 0:00,Organic,1.1,79078.74,4958.74,1676.07,10.65,61032.47,55681.22,5351.25,0,11400.81
Portland,Weekly,2/14/2021 0:00,Organic,1.41,64251.63,405,9870.48,0,15536.75,2980.76,12555.99,0,38439.4
Raleigh/Greensboro,Weekly,2/14/2021 0:00,Organic,1.34,27009.51,833.14,3953.24,70,20428.34,20428.34,0,0,1724.79
Richmond/Norfolk,Weekly,2/14/2021 0:00,Organic,0.99,35196.71,3.8,1775.5,16.46,30565.6,27633.02,2932.58,0,2835.35
Roanoke,Weekly,2/14/2021 0:00,Organic,1.1,19027.19,24.01,1327.71,0,13990.5,9103.89,4125.36,761.25,3684.97
Sacramento,Weekly,2/14/2021 0:00,Organic,1.56,25493.09,4173.02,3655.98,5.37,13727.86,13727.86,0,0,3930.86
San Diego,Weekly,2/14/2021 0:00,Organic,1.81,33567.27,1016.79,1678.52,0,12551.51,7106.67,5444.84,0,18320.45
San Francisco,Weekly,2/14/2021 0:00,Organic,1.87,75433.66,3460.06,7072.44,0,43635.46,43635.46,0,0,21265.7
Seattle,Weekly,2/14/2021 0:00,Organic,1.29,118330.02,1261.62,16452.79,98.77,13519.91,2717.77,10802.14,0,86996.93
South Carolina,Weekly,2/14/2021 0:00,Organic,1.34,29955.85,627.31,3103.74,64.34,20820.75,17024.01,2580.49,1216.25,5339.71
South Central,Weekly,2/14/2021 0:00,Organic,1.18,376712.04,16686.61,7214.91,4377.74,179802.62,93491.25,86311.37,0,168630.16
Southeast,Weekly,2/14/2021 0:00,Organic,1.17,198488.63,2202.93,8264.26,57.98,153724.2,109226.32,24994.13,19503.75,34239.26
Spokane,Weekly,2/14/2021 0:00,Organic,1.57,9195.07,109.25,884.02,0,3121.31,1090,2031.31,0,5080.49
St. Louis,Weekly,2/14/2021 0:00,Organic,1.62,6538.18,691.13,734.5,0,3915.69,3915.69,0,0,1196.86
Syracuse,Weekly,2/14/2021 0:00,Organic,1.37,5171.01,252.7,95.06,0,4750.36,4366.57,383.79,0,72.89
Tampa,Weekly,2/14/2021 0:00,Organic,0.93,14957.33,126.56,0,0,14830.77,14827.44,3.33,0,0
Total U.S.,Weekly,2/14/2021 0:00,Organic,1.33,2549385.31,95211.95,175707.92,6742.71,1467828.96,1052070.52,380884.26,34874.18,803893.77
West,Weekly,2/14/2021 0:00,Organic,1.32,484507.25,20986.17,41535.27,1478.86,169183.41,79767.3,89416.11,0,251323.54
West Tex/New Mexico,Weekly,2/14/2021 0:00,Organic,1.26,35142.62,1743.71,778.56,3038.35,20847.65,17600,3247.65,0,8734.35
Albany,Weekly,2/21/2021 0:00,Conventional,0.99,162020.12,7798.41,120121.56,39.81,27028.81,23479.51,1342.63,2206.67,7031.53
Atlanta,Weekly,2/21/2021 0:00,Conventional,0.85,884980.68,375980.05,35659.51,99.5,187319.87,185056.89,2222.98,40,285921.75
Baltimore/Washington,Weekly,2/21/2021 0:00,Conventional,1.08,1093176.89,263099.11,326679.65,4217.22,389953.58,352910.72,16066.19,20976.67,109227.33
Boise,Weekly,2/21/2021 0:00,Conventional,0.85,157611.94,39530.56,9486.93,990.22,32226.74,20906.72,11310.02,10,75377.49
Boston,Weekly,2/21/2021 0:00,Conventional,1.17,910216.32,18942.56,459086.71,206.64,229124.18,220618.33,1712.52,6793.33,202856.23
Buffalo/Rochester,Weekly,2/21/2021 0:00,Conventional,0.98,228592.6,20178.76,63742.63,2666.65,135153.07,119839.18,10973.89,4340,6851.49
California,Weekly,2/21/2021 0:00,Conventional,1.14,7149620.35,1420784.52,785967.44,137761.98,1456533.97,1188658.37,213784.07,54091.53,3348572.44
Charlotte,Weekly,2/21/2021 0:00,Conventional,1.01,387011.64,179570.06,53823.61,4669.86,127422.71,107082.48,20336.9,3.33,21525.4
Chicago,Weekly,2/21/2021 0:00,Conventional,1.24,883635.19,120159.37,122834.81,35885.98,237485.1,235843.99,1571.28,69.83,367269.93
Cincinnati/Dayton,Weekly,2/21/2021 0:00,Conventional,0.86,344528.53,56369.46,65724.55,420.1,38301.77,38011.48,275.56,14.73,183712.65
Columbus,Weekly,2/21/2021 0:00,Conventional,0.83,289926.62,51055.37,48060.92,176.11,52710.59,52255.03,455.56,0,137923.63
Dallas/Ft. Worth,Weekly,2/21/2021 0:00,Conventional,0.68,1352586.57,431600.64,156829.46,6078.47,430696.88,250360.28,180136.6,200,327381.12
Denver,Weekly,2/21/2021 0:00,Conventional,0.89,1152235.79,196067.06,164738.12,3139.31,254496.92,227885.66,26584.59,26.67,533794.38
Detroit,Weekly,2/21/2021 0:00,Conventional,0.89,611454.41,87963.97,89545.99,39667.61,127766.7,127150.37,527.78,88.55,266510.14
Grand Rapids,Weekly,2/21/2021 0:00,Conventional,1.23,208871.63,17498.01,69425.33,46069.9,57996.62,57920.82,27.78,48.02,17881.77
Great Lakes,Weekly,2/21/2021 0:00,Conventional,0.95,4887042.07,784308.17,921439.27,196902.05,1080954.34,1053759.17,26699.18,495.99,1903438.24
Harrisburg/Scranton,Weekly,2/21/2021 0:00,Conventional,0.93,471898.04,179965.86,121039.08,93.84,156822.98,146668.11,828.2,9326.67,13976.28
Hartford/Springfield,Weekly,2/21/2021 0:00,Conventional,1.23,444970.49,10330.7,322967.69,217.17,100114.15,83228.03,10789.45,6096.67,11340.78
Houston,Weekly,2/21/2021 0:00,Conventional,0.67,1167916.82,451847.49,179521.39,3012.84,149358.41,108765.21,28216.53,12376.67,384176.69
Indianapolis,Weekly,2/21/2021 0:00,Conventional,0.81,299304.99,53410.69,72576.78,580.01,61745.13,61679.89,33.33,31.91,110992.38
Jacksonville,Weekly,2/21/2021 0:00,Conventional,0.87,294515.7,132693.9,11534.42,130.43,65277.73,39229.34,26048.39,0,84879.22
Las Vegas,Weekly,2/21/2021 0:00,Conventional,0.88,421622.98,72555.9,41943.13,114.77,141101.78,99903.12,41178.66,20,165907.4
Los Angeles,Weekly,2/21/2021 0:00,Conventional,1.04,3505062.91,582270.82,78195.51,105936.5,735036.55,537296.48,153433.62,44306.45,2003623.53
Louisville,Weekly,2/21/2021 0:00,Conventional,0.89,114299.78,22341.13,13929.97,33.09,30760.36,30629.25,127.78,3.33,47235.23
Miami/Ft. Lauderdale,Weekly,2/21/2021 0:00,Conventional,0.85,1346258.23,693913.76,54414.15,179.09,287200.63,222866.39,64297.57,36.67,310550.6
Midsouth,Weekly,2/21/2021 0:00,Conventional,0.97,4519408.7,1533350.07,833737.72,18653.25,1321153.77,1114473.27,157456.61,49223.89,812513.89
Nashville,Weekly,2/21/2021 0:00,Conventional,0.88,324285.08,126539.26,18999.23,256.34,62687.46,60868.61,1815.52,3.33,115802.79
New Orleans/Mobile,Weekly,2/21/2021 0:00,Conventional,0.71,405078.49,149480.98,27554.31,329.12,147738.79,114546.77,20028.69,13163.33,79975.29
New York,Weekly,2/21/2021 0:00,Conventional,1.04,2394348.85,65448.86,1372837.83,1983.3,851784.33,711345.75,127587.47,12851.11,102294.53
Northeast,Weekly,2/21/2021 0:00,Conventional,1.05,6875886.15,603646.68,3492175.9,9761.3,2165974.75,1911639.15,186024.48,68311.12,604327.52
Northern New England,Weekly,2/21/2021 0:00,Conventional,1.01,700954.87,14778.88,453754.81,117.39,114270.95,107795.72,55.23,6420,118032.84
Orlando,Weekly,2/21/2021 0:00,Conventional,0.83,730581.18,330364.61,18327.23,72.72,218128.25,133648.63,84466.29,13.33,163688.37
Philadelphia,Weekly,2/21/2021 0:00,Conventional,0.96,721288.85,148294.91,256134.12,254.7,247728.74,223724.79,16830.62,7173.33,68876.38
Phoenix/Tucson,Weekly,2/21/2021 0:00,Conventional,0.73,1426248.26,477732.01,185561.1,5223.09,186249.66,149624.6,36588.39,36.67,571482.4
Pittsburgh,Weekly,2/21/2021 0:00,Conventional,1.08,142782.99,32478.55,14082.17,11.08,52857.78,51386.66,317.78,1153.34,43353.41
Plains,Weekly,2/21/2021 0:00,Conventional,0.88,2453326.34,903368.08,515087.71,812.5,654507.73,492970.67,152117.07,9419.99,379550.32
Portland,Weekly,2/21/2021 0:00,Conventional,1.02,789289.21,103280.44,96766.84,5303.16,89510.03,42184.76,38346.94,8978.33,494428.74
Raleigh/Greensboro,Weekly,2/21/2021 0:00,Conventional,1,497451.83,217520.17,79856.19,4635.15,170741.43,136689.94,34048.16,3.33,24698.89
Richmond/Norfolk,Weekly,2/21/2021 0:00,Conventional,0.97,353371.74,107050.56,81128.53,997.25,82984.57,56064.78,16743.13,10176.66,81210.83
Roanoke,Weekly,2/21/2021 0:00,Conventional,0.91,218517.47,68421.53,29663.68,62.17,51528.79,41064.37,8090.53,2373.89,68841.3
Sacramento,Weekly,2/21/2021 0:00,Conventional,1.3,498811.26,140642.86,149438.86,2418.25,110753.94,89603.24,21084.03,66.67,95557.35
San Diego,Weekly,2/21/2021 0:00,Conventional,1.01,682487.28,95514.74,39200.32,12353.83,123545.02,110578.82,5695.83,7270.37,411873.37
San Francisco,Weekly,2/21/2021 0:00,Conventional,1.46,892734.85,181755.98,193240.34,5884.65,189125,183237.49,5870.84,16.67,322728.88
Seattle,Weekly,2/21/2021 0:00,Conventional,1.12,736618.75,92998.47,87039.19,145.09,80002.51,71337.08,10.43,8655,476433.49
South Carolina,Weekly,2/21/2021 0:00,Conventional,0.93,634707.45,288937.29,48495.76,1747.58,169802.97,132823.41,36936.23,43.33,125723.85
South Central,Weekly,2/21/2021 0:00,Conventional,0.67,6432406.34,2175397.59,712685.16,85346.15,1925442.97,982867,851570.97,91005,1533534.47
Southeast,Weekly,2/21/2021 0:00,Conventional,0.84,6940152.81,3219430.87,262680.76,2730.6,1655120.11,1251751.65,393663.46,9705,1800190.47
Spokane,Weekly,2/21/2021 0:00,Conventional,0.94,129872.71,21897.47,12986.08,10.06,19415.61,15450.61,0,3965,75563.49
St. Louis,Weekly,2/21/2021 0:00,Conventional,0.85,232676.28,102632.56,11602.74,38.05,66509.71,65811.48,688.23,10,51893.22
Syracuse,Weekly,2/21/2021 0:00,Conventional,0.99,116437.63,9270.1,51136.82,594.14,50004.49,44693.68,3107.48,2203.33,5432.08
Tampa,Weekly,2/21/2021 0:00,Conventional,0.8,770254.94,340998.55,22502.76,18.51,192133.82,118933.38,73197.11,3.33,214601.3
Total U.S.,Weekly,2/21/2021 0:00,Conventional,0.92,47879579.3,12575663.86,8517704.25,476449.32,11993916.16,9296797.32,2337039.65,360079.19,14315845.71
West,Weekly,2/21/2021 0:00,Conventional,0.87,8621736.48,1935377.89,993930.27,24481.48,1734228.49,1300678,355723.82,77826.67,3933718.35
West Tex/New Mexico,Weekly,2/21/2021 0:00,Conventional,0.61,1243624.8,358420.16,83925.84,7963.14,537037.5,252782.41,284235.09,20,256278.16
Albany,Weekly,2/21/2021 0:00,Organic,1.28,4091.54,39.7,458.34,0,3406.37,2143.24,1263.13,0,187.13
Atlanta,Weekly,2/21/2021 0:00,Organic,1.45,43911.52,96.78,2790.23,0,22498.22,9738.24,12759.98,0,18526.29
Baltimore/Washington,Weekly,2/21/2021 0:00,Organic,1.15,100657.11,538.64,3683.82,7.77,94317.03,90080.08,4236.95,0,2109.85
Boise,Weekly,2/21/2021 0:00,Organic,1.44,8485.48,18.14,747.96,0,3134.75,1974.45,1160.3,0,4584.63
Boston,Weekly,2/21/2021 0:00,Organic,1.56,56372.56,190.24,2564.14,0,53358.19,51755.26,1602.93,0,259.99
Buffalo/Rochester,Weekly,2/21/2021 0:00,Organic,1.42,20533.25,960.24,157.49,0,19415.52,19415.52,0,0,0
California,Weekly,2/21/2021 0:00,Organic,1.56,397676.78,18811.88,25432.6,12.53,183224.74,130508.94,52715.8,0,170195.03
Charlotte,Weekly,2/21/2021 0:00,Organic,1.37,20854.23,91.04,3842.96,55.71,14922.46,11795.58,3126.88,0,1942.06
Chicago,Weekly,2/21/2021 0:00,Organic,1.28,97619.31,611.46,11289.98,0,56575.2,14475.95,42099.25,0,29142.67
Cincinnati/Dayton,Weekly,2/21/2021 0:00,Organic,1.39,22569.74,507.49,2421.25,0,7553.66,2194.72,5358.94,0,12087.34
Columbus,Weekly,2/21/2021 0:00,Organic,1.3,15442.19,923.33,1131.41,0,7833.99,2804.22,5029.77,0,5553.46
Dallas/Ft. Worth,Weekly,2/21/2021 0:00,Organic,1.19,73371.08,3305.39,2215.36,6636.42,31224.89,15170.63,16054.26,0,29989.02
Denver,Weekly,2/21/2021 0:00,Organic,1.05,63449.53,5403.18,1062.67,0,28817.56,11082.22,17735.34,0,28166.12
Detroit,Weekly,2/21/2021 0:00,Organic,1.12,32522.47,306.18,2349.67,0,20334.65,10830.56,9504.09,0,9531.97
Grand Rapids,Weekly,2/21/2021 0:00,Organic,0.91,11488.22,34.17,758.52,0,10695.53,10690.74,4.79,0,0
Great Lakes,Weekly,2/21/2021 0:00,Organic,1.22,310258.47,7379.92,28617.77,0,191891.81,103263.16,88532.4,96.25,82368.97
Harrisburg/Scranton,Weekly,2/21/2021 0:00,Organic,1.14,21754.18,313.79,584.6,0,20855.79,20756.82,98.97,0,0
Hartford/Springfield,Weekly,2/21/2021 0:00,Organic,1.61,29602.49,460.17,10195.84,1.41,18934.08,18934.08,0,0,10.99
Houston,Weekly,2/21/2021 0:00,Organic,1.26,35120.51,4025.96,145.33,0,15469.49,1034.45,14435.04,0,15479.73
Indianapolis,Weekly,2/21/2021 0:00,Organic,1.18,13448.93,184.15,919.49,0,8691.21,4125.61,4565.6,0,3654.08
Jacksonville,Weekly,2/21/2021 0:00,Organic,0.96,8114.16,47.04,225.88,0,7680.08,3765.91,0,3914.17,161.16
Las Vegas,Weekly,2/21/2021 0:00,Organic,1.38,19610.38,925.64,339.75,0,9056.15,4823.33,4232.82,0,9288.84
Los Angeles,Weekly,2/21/2021 0:00,Organic,1.4,184356.31,6042.01,4351.72,3.17,75142.23,28296.67,46845.56,0,98817.18
Louisville,Weekly,2/21/2021 0:00,Organic,1.41,9404.27,22.49,594.47,0,5264.51,377.78,3994.23,892.5,3522.8
Miami/Ft. Lauderdale,Weekly,2/21/2021 0:00,Organic,0.91,23573.84,163.88,0,0,23396.69,21792.52,0,1604.17,13.27
Midsouth,Weekly,2/21/2021 0:00,Organic,1.22,357906.86,2294.71,26553.89,158.32,285544.88,204602.97,66257.15,14684.76,43355.06
Nashville,Weekly,2/21/2021 0:00,Organic,1.31,21643.12,34.1,1369.24,0,13604.56,2084.91,7561.73,3957.92,6635.22
New Orleans/Mobile,Weekly,2/21/2021 0:00,Organic,1.14,9432.33,71.48,76.1,0,7208.05,2895.7,4312.35,0,2076.7
New York,Weekly,2/21/2021 0:00,Organic,1.47,143895.28,10848.58,9083.67,830.31,118363.47,118363.47,0,0,4769.25
Northeast,Weekly,2/21/2021 0:00,Organic,1.45,393934.49,18645.35,30228.96,721.93,329763.91,314215.65,15548.26,0,14574.34
Northern New England,Weekly,2/21/2021 0:00,Organic,1.47,29653.48,56.01,719.23,0,25279.11,13429.49,11849.62,0,3599.13
Orlando,Weekly,2/21/2021 0:00,Organic,0.96,15809.88,83.98,0,0,15723.14,10018.14,0,5705,2.76
Philadelphia,Weekly,2/21/2021 0:00,Organic,1.41,34775.12,1528.07,2684.73,0,26426.59,25345.15,1081.44,0,4135.73
Phoenix/Tucson,Weekly,2/21/2021 0:00,Organic,1.27,32393.27,4114.97,2796.46,0,16901.5,11135.55,5765.95,0,8580.34
Pittsburgh,Weekly,2/21/2021 0:00,Organic,1.32,16918.17,2888.8,1.69,0,13321.87,13265.41,56.46,0,705.81
Plains,Weekly,2/21/2021 0:00,Organic,1.08,95229.52,17660.22,2501.08,4.26,61802.11,56630.83,5171.28,0,13261.85
Portland,Weekly,2/21/2021 0:00,Organic,1.5,56963.61,724.43,7338.33,1.65,14973.45,2410.12,12563.33,0,33925.75
Raleigh/Greensboro,Weekly,2/21/2021 0:00,Organic,1.33,29540.42,661.12,3977.64,44.31,23007.19,18186.93,4820.26,0,1850.16
Richmond/Norfolk,Weekly,2/21/2021 0:00,Organic,0.99,37981.72,1.27,1765.78,1.27,33376.78,26519.02,6857.76,0,2836.62
Roanoke,Weekly,2/21/2021 0:00,Organic,1.13,20420.07,13.43,1602.78,0,15050.15,8700.87,5526.78,822.5,3753.71
Sacramento,Weekly,2/21/2021 0:00,Organic,1.73,23439.14,3156.15,3147.47,2.69,13402.9,13402.9,0,0,3729.93
San Diego,Weekly,2/21/2021 0:00,Organic,1.32,38441.42,822.01,1972.96,0,12486.14,7473.34,5012.8,0,23160.31
San Francisco,Weekly,2/21/2021 0:00,Organic,1.93,76946.89,3159.37,6686.13,1.52,45075.38,45075.38,0,0,22024.49
Seattle,Weekly,2/21/2021 0:00,Organic,1.67,80105.45,1530.77,11179.58,5.37,12962.38,2301.11,10661.27,0,54427.35
South Carolina,Weekly,2/21/2021 0:00,Organic,1.34,31423.12,573.14,3043.62,47.48,22593.43,15378.09,5783.26,1432.08,5165.45
South Central,Weekly,2/21/2021 0:00,Organic,1.16,329919.3,13101.83,11989.96,69082.56,116108.06,55024.43,61083.63,0,119636.89
Southeast,Weekly,2/21/2021 0:00,Organic,1.17,203227.63,1304.87,7816.85,42.79,162307.71,111909.63,29001.41,21396.67,31755.41
Spokane,Weekly,2/21/2021 0:00,Organic,1.36,9773.15,253.63,1144.4,0,2968.77,1038.89,1929.88,0,5406.35
St. Louis,Weekly,2/21/2021 0:00,Organic,1.24,16502.09,9093.26,1344.22,0,3817.22,3817.22,0,0,2247.39
Syracuse,Weekly,2/21/2021 0:00,Organic,1.4,5558.94,255.47,108.91,0,5079.52,4617.88,461.64,0,115.04
Tampa,Weekly,2/21/2021 0:00,Organic,0.91,16114.31,64.31,0,0,16044.8,16044.8,0,0,5.2
Total U.S.,Weekly,2/21/2021 0:00,Organic,1.31,2544897.11,103037.19,169110.78,82487.44,1493046.96,1054294.68,402574.6,36177.68,697214.74
West,Weekly,2/21/2021 0:00,Organic,1.36,456744.07,23838.4,35969.68,12465.05,162403.78,78139.1,84264.68,0,222067.16
West Tex/New Mexico,Weekly,2/21/2021 0:00,Organic,0.99,87267.58,1580.04,5788.17,37692.55,16896.9,15029.99,1866.91,0,25309.92
